,,,,2025,,,,,,2024,,,,,,2023,,,,,,2022,,,,,,2021,,,,,,2020,,,,,
Company Name,Molecule Name,Therapuetic Area,Indication,Company Revenue,Company Cost of goods sold,Company SGA,Company Marketing,Molecule Revenue,,Company Revenue,Company Cost of goods sold,Company SGA,Company Marketing,Molecule Revenue,,Company Revenue,Company Cost of goods sold,Company SGA,Company Marketing,Molecule Revenue,,Company Revenue,Company Cost of goods sold,Company SGA,Company Marketing,Molecule Revenue,,Company Revenue,Company Cost of goods sold,Company SGA,Company Marketing,Molecule Revenue,,Company Revenue,Company Cost of goods sold,Company SGA,Company Marketing,Molecule Revenue,
Apex Therapeutics,Molecule_005,Infectious Diseases,HIV/AIDS,"$14,248,000,000 ","$5,000,400,000 ","$2,849,600,000 ","$1,709,760,000 ","$113,984,000 ",,"$8,016,000,000 ","$3,847,680,000 ","$1,442,880,000 ","$961,920,000 ","$160,320,000 ",,"$8,421,000,000 ","$3,705,240,000 ","$1,768,410,000 ","$842,100,000 ","$126,315,000 ",,"$6,616,000,000 ","$2,381,760,000 ","$1,257,040,000 ","$727,760,000 ","$66,160,000 ",,"$12,729,000,000 ","$4,836,000,000 ","$2,673,090,000 ","$1,527,480,000 ","$190,935,000 ",,"$8,460,000,000 ","$3,891,600,000 ","$1,522,800,000 ","$1,015,200,000 ","$126,900,000 ",
Apex Therapeutics,Molecule_025,Rare Diseases,Lysosomal Storage Disorders,"$14,248,000,000 ","$5,000,400,000 ","$2,849,600,000 ","$1,709,760,000 ","$142,480,000 ",,"$8,016,000,000 ","$3,847,680,000 ","$1,442,880,000 ","$961,920,000 ","$160,320,000 ",,"$8,421,000,000 ","$3,705,240,000 ","$1,768,410,000 ","$842,100,000 ","$126,315,000 ",,"$6,616,000,000 ","$2,381,760,000 ","$1,257,040,000 ","$727,760,000 ","$66,160,000 ",,"$12,729,000,000 ","$4,836,000,000 ","$2,673,090,000 ","$1,527,480,000 ","$190,935,000 ",,"$8,460,000,000 ","$3,891,600,000 ","$1,522,800,000 ","$1,015,200,000 ","$126,900,000 ",
Apex Therapeutics,Molecule_045,Neurology,Epilepsy,"$14,248,000,000 ","$5,000,400,000 ","$2,849,600,000 ","$1,709,760,000 ","$213,720,000 ",,"$8,016,000,000 ","$3,847,680,000 ","$1,442,880,000 ","$961,920,000 ","$160,320,000 ",,"$8,421,000,000 ","$3,705,240,000 ","$1,768,410,000 ","$842,100,000 ","$126,315,000 ",,"$6,616,000,000 ","$2,381,760,000 ","$1,257,040,000 ","$727,760,000 ","$66,160,000 ",,"$12,729,000,000 ","$4,836,000,000 ","$2,673,090,000 ","$1,527,480,000 ","$190,935,000 ",,"$8,460,000,000 ","$3,891,600,000 ","$1,522,800,000 ","$1,015,200,000 ","$126,900,000 ",
Apex Therapeutics,Molecule_065,Dermatology,Atopic Dermatitis,"$14,248,000,000 ","$5,000,400,000 ","$2,849,600,000 ","$1,709,760,000 ","$284,960,000 ",,"$8,016,000,000 ","$3,847,680,000 ","$1,442,880,000 ","$961,920,000 ","$160,320,000 ",,"$8,421,000,000 ","$3,705,240,000 ","$1,768,410,000 ","$842,100,000 ","$126,315,000 ",,"$6,616,000,000 ","$2,381,760,000 ","$1,257,040,000 ","$727,760,000 ","$66,160,000 ",,"$12,729,000,000 ","$4,836,000,000 ","$2,673,090,000 ","$1,527,480,000 ","$190,935,000 ",,"$8,460,000,000 ","$3,891,600,000 ","$1,522,800,000 ","$1,015,200,000 ","$126,900,000 ",
Apex Therapeutics,Molecule_085,Oncology,Ovarian Cancer,"$14,248,000,000 ","$5,000,400,000 ","$2,849,600,000 ","$1,709,760,000 ","$213,720,000 ",,"$8,016,000,000 ","$3,847,680,000 ","$1,442,880,000 ","$961,920,000 ","$160,320,000 ",,"$8,421,000,000 ","$3,705,240,000 ","$1,768,410,000 ","$842,100,000 ","$126,315,000 ",,"$6,616,000,000 ","$2,381,760,000 ","$1,257,040,000 ","$727,760,000 ","$66,160,000 ",,"$12,729,000,000 ","$4,836,000,000 ","$2,673,090,000 ","$1,527,480,000 ","$190,935,000 ",,"$8,460,000,000 ","$3,891,600,000 ","$1,522,800,000 ","$1,015,200,000 ","$126,900,000 ",
Apex Therapeutics,Molecule_105,Gastroenterology,Irritable Bowel Syndrome,"$14,248,000,000 ","$5,000,400,000 ","$2,849,600,000 ","$1,709,760,000 ","$284,960,000 ",,"$8,016,000,000 ","$3,847,680,000 ","$1,442,880,000 ","$961,920,000 ","$160,320,000 ",,"$8,421,000,000 ","$3,705,240,000 ","$1,768,410,000 ","$842,100,000 ","$126,315,000 ",,"$6,616,000,000 ","$2,381,760,000 ","$1,257,040,000 ","$727,760,000 ","$66,160,000 ",,"$12,729,000,000 ","$4,836,000,000 ","$2,673,090,000 ","$1,527,480,000 ","$190,935,000 ",,"$8,460,000,000 ","$3,891,600,000 ","$1,522,800,000 ","$1,015,200,000 ","$126,900,000 ",
Apex Therapeutics,Molecule_125,Nephrology,Polycystic Kidney Disease,"$14,248,000,000 ","$5,000,400,000 ","$2,849,600,000 ","$1,709,760,000 ","$284,960,000 ",,"$8,016,000,000 ","$3,847,680,000 ","$1,442,880,000 ","$961,920,000 ","$160,320,000 ",,"$8,421,000,000 ","$3,705,240,000 ","$1,768,410,000 ","$842,100,000 ","$126,315,000 ",,"$6,616,000,000 ","$2,381,760,000 ","$1,257,040,000 ","$727,760,000 ","$66,160,000 ",,"$12,729,000,000 ","$4,836,000,000 ","$2,673,090,000 ","$1,527,480,000 ","$190,935,000 ",,"$8,460,000,000 ","$3,891,600,000 ","$1,522,800,000 ","$1,015,200,000 ","$126,900,000 ",
Astra Medical,Molecule_019,Infectious Diseases,Hepatitis C,"$14,248,000,000 ","$5,000,400,000 ","$2,849,600,000 ","$1,709,760,000 ","$142,480,000 ",,"$8,016,000,000 ","$3,847,680,000 ","$1,442,880,000 ","$961,920,000 ","$160,320,000 ",,"$8,421,000,000 ","$3,705,240,000 ","$1,768,410,000 ","$842,100,000 ","$126,315,000 ",,"$6,616,000,000 ","$2,381,760,000 ","$1,257,040,000 ","$727,760,000 ","$66,160,000 ",,"$12,729,000,000 ","$4,836,000,000 ","$2,673,090,000 ","$1,527,480,000 ","$190,935,000 ",,"$8,460,000,000 ","$3,891,600,000 ","$1,522,800,000 ","$1,015,200,000 ","$126,900,000 ",
Astra Medical,Molecule_039,Rare Diseases,Spinal Muscular Atrophy,"$14,248,000,000 ","$5,000,400,000 ","$2,849,600,000 ","$1,709,760,000 ","$284,960,000 ",,"$8,016,000,000 ","$3,847,680,000 ","$1,442,880,000 ","$961,920,000 ","$160,320,000 ",,"$8,421,000,000 ","$3,705,240,000 ","$1,768,410,000 ","$842,100,000 ","$126,315,000 ",,"$6,616,000,000 ","$2,381,760,000 ","$1,257,040,000 ","$727,760,000 ","$66,160,000 ",,"$12,729,000,000 ","$4,836,000,000 ","$2,673,090,000 ","$1,527,480,000 ","$190,935,000 ",,"$8,460,000,000 ","$3,891,600,000 ","$1,522,800,000 ","$1,015,200,000 ","$126,900,000 ",
Astra Medical,Molecule_059,Neurology,Alzheimer's Disease,"$14,248,000,000 ","$5,000,400,000 ","$2,849,600,000 ","$1,709,760,000 ","$142,480,000 ",,"$8,016,000,000 ","$3,847,680,000 ","$1,442,880,000 ","$961,920,000 ","$160,320,000 ",,"$8,421,000,000 ","$3,705,240,000 ","$1,768,410,000 ","$842,100,000 ","$126,315,000 ",,"$6,616,000,000 ","$2,381,760,000 ","$1,257,040,000 ","$727,760,000 ","$66,160,000 ",,"$12,729,000,000 ","$4,836,000,000 ","$2,673,090,000 ","$1,527,480,000 ","$190,935,000 ",,"$8,460,000,000 ","$3,891,600,000 ","$1,522,800,000 ","$1,015,200,000 ","$126,900,000 ",
Astra Medical,Molecule_079,Dermatology,Atopic Dermatitis,"$14,248,000,000 ","$5,000,400,000 ","$2,849,600,000 ","$1,709,760,000 ","$142,480,000 ",,"$8,016,000,000 ","$3,847,680,000 ","$1,442,880,000 ","$961,920,000 ","$160,320,000 ",,"$8,421,000,000 ","$3,705,240,000 ","$1,768,410,000 ","$842,100,000 ","$126,315,000 ",,"$6,616,000,000 ","$2,381,760,000 ","$1,257,040,000 ","$727,760,000 ","$66,160,000 ",,"$12,729,000,000 ","$4,836,000,000 ","$2,673,090,000 ","$1,527,480,000 ","$190,935,000 ",,"$8,460,000,000 ","$3,891,600,000 ","$1,522,800,000 ","$1,015,200,000 ","$126,900,000 ",
Astra Medical,Molecule_099,Oncology,Breast Cancer,"$14,248,000,000 ","$5,000,400,000 ","$2,849,600,000 ","$1,709,760,000 ","$284,960,000 ",,"$8,016,000,000 ","$3,847,680,000 ","$1,442,880,000 ","$961,920,000 ","$160,320,000 ",,"$8,421,000,000 ","$3,705,240,000 ","$1,768,410,000 ","$842,100,000 ","$126,315,000 ",,"$6,616,000,000 ","$2,381,760,000 ","$1,257,040,000 ","$727,760,000 ","$66,160,000 ",,"$12,729,000,000 ","$4,836,000,000 ","$2,673,090,000 ","$1,527,480,000 ","$190,935,000 ",,"$8,460,000,000 ","$3,891,600,000 ","$1,522,800,000 ","$1,015,200,000 ","$126,900,000 ",
Astra Medical,Molecule_119,Gastroenterology,Celiac Disease,"$14,248,000,000 ","$5,000,400,000 ","$2,849,600,000 ","$1,709,760,000 ","$142,480,000 ",,"$8,016,000,000 ","$3,847,680,000 ","$1,442,880,000 ","$961,920,000 ","$160,320,000 ",,"$8,421,000,000 ","$3,705,240,000 ","$1,768,410,000 ","$842,100,000 ","$126,315,000 ",,"$6,616,000,000 ","$2,381,760,000 ","$1,257,040,000 ","$727,760,000 ","$66,160,000 ",,"$12,729,000,000 ","$4,836,000,000 ","$2,673,090,000 ","$1,527,480,000 ","$190,935,000 ",,"$8,460,000,000 ","$3,891,600,000 ","$1,522,800,000 ","$1,015,200,000 ","$126,900,000 ",
BioSynth Corp.,Molecule_002,Cardiology,Hypertension,"$6,675,000,000 ","$3,204,000,000 ","$1,468,500,000 ","$500,625,000 ","$38,047,500 ",,"$8,642,000,000 ","$3,975,320,000 ","$1,555,560,000 ","$1,037,040,000 ","$155,556,000 ",,"$8,012,000,000 ","$3,685,520,000 ","$1,602,400,000 ","$961,440,000 ","$144,216,000 ",,"$7,508,000,000 ","$2,853,040,000 ","$1,651,760,000 ","$900,960,000 ","$105,112,000 ",,"$6,757,000,000 ","$3,040,650,000 ","$1,486,540,000 ","$675,700,000 ","$67,570,000 ",,"$9,343,000,000 ","$3,830,630,000 ","$2,148,890,000 ","$1,027,730,000 ","$112,116,000 ",
BioSynth Corp.,Molecule_022,Ophthalmology,Glaucoma,"$6,675,000,000 ","$3,204,000,000 ","$1,468,500,000 ","$500,625,000 ","$40,050,000 ",,"$8,642,000,000 ","$3,975,320,000 ","$1,555,560,000 ","$1,037,040,000 ","$155,556,000 ",,"$8,012,000,000 ","$3,685,520,000 ","$1,602,400,000 ","$961,440,000 ","$144,216,000 ",,"$7,508,000,000 ","$2,853,040,000 ","$1,651,760,000 ","$900,960,000 ","$105,112,000 ",,"$6,757,000,000 ","$3,040,650,000 ","$1,486,540,000 ","$675,700,000 ","$67,570,000 ",,"$9,343,000,000 ","$3,830,630,000 ","$2,148,890,000 ","$1,027,730,000 ","$112,116,000 ",
BioSynth Corp.,Molecule_042,Rheumatology,Fibromyalgia,"$6,675,000,000 ","$3,204,000,000 ","$1,468,500,000 ","$500,625,000 ","$66,750,000 ",,"$8,642,000,000 ","$3,975,320,000 ","$1,555,560,000 ","$1,037,040,000 ","$155,556,000 ",,"$8,012,000,000 ","$3,685,520,000 ","$1,602,400,000 ","$961,440,000 ","$144,216,000 ",,"$7,508,000,000 ","$2,853,040,000 ","$1,651,760,000 ","$900,960,000 ","$105,112,000 ",,"$6,757,000,000 ","$3,040,650,000 ","$1,486,540,000 ","$675,700,000 ","$67,570,000 ",,"$9,343,000,000 ","$3,830,630,000 ","$2,148,890,000 ","$1,027,730,000 ","$112,116,000 ",
BioSynth Corp.,Molecule_062,Endocrinology,Adrenal Insufficiency,"$6,675,000,000 ","$3,204,000,000 ","$1,468,500,000 ","$500,625,000 ","$66,750,000 ",,"$8,642,000,000 ","$3,975,320,000 ","$1,555,560,000 ","$1,037,040,000 ","$155,556,000 ",,"$8,012,000,000 ","$3,685,520,000 ","$1,602,400,000 ","$961,440,000 ","$144,216,000 ",,"$7,508,000,000 ","$2,853,040,000 ","$1,651,760,000 ","$900,960,000 ","$105,112,000 ",,"$6,757,000,000 ","$3,040,650,000 ","$1,486,540,000 ","$675,700,000 ","$67,570,000 ",,"$9,343,000,000 ","$3,830,630,000 ","$2,148,890,000 ","$1,027,730,000 ","$112,116,000 ",
BioSynth Corp.,Molecule_082,Psychiatry,PTSD,"$6,675,000,000 ","$3,204,000,000 ","$1,468,500,000 ","$500,625,000 ","$66,750,000 ",,"$8,642,000,000 ","$3,975,320,000 ","$1,555,560,000 ","$1,037,040,000 ","$155,556,000 ",,"$8,012,000,000 ","$3,685,520,000 ","$1,602,400,000 ","$961,440,000 ","$144,216,000 ",,"$7,508,000,000 ","$2,853,040,000 ","$1,651,760,000 ","$900,960,000 ","$105,112,000 ",,"$6,757,000,000 ","$3,040,650,000 ","$1,486,540,000 ","$675,700,000 ","$67,570,000 ",,"$9,343,000,000 ","$3,830,630,000 ","$2,148,890,000 ","$1,027,730,000 ","$112,116,000 ",
BioSynth Corp.,Molecule_102,Immunology,Lupus,"$6,675,000,000 ","$3,204,000,000 ","$1,468,500,000 ","$500,625,000 ","$40,050,000 ",,"$8,642,000,000 ","$3,975,320,000 ","$1,555,560,000 ","$1,037,040,000 ","$155,556,000 ",,"$8,012,000,000 ","$3,685,520,000 ","$1,602,400,000 ","$961,440,000 ","$144,216,000 ",,"$7,508,000,000 ","$2,853,040,000 ","$1,651,760,000 ","$900,960,000 ","$105,112,000 ",,"$6,757,000,000 ","$3,040,650,000 ","$1,486,540,000 ","$675,700,000 ","$67,570,000 ",,"$9,343,000,000 ","$3,830,630,000 ","$2,148,890,000 ","$1,027,730,000 ","$112,116,000 ",
BioSynth Corp.,Molecule_122,Pulmonology,Pulmonary Fibrosis,"$6,675,000,000 ","$3,204,000,000 ","$1,468,500,000 ","$500,625,000 ","$66,750,000 ",,"$8,642,000,000 ","$3,975,320,000 ","$1,555,560,000 ","$1,037,040,000 ","$155,556,000 ",,"$8,012,000,000 ","$3,685,520,000 ","$1,602,400,000 ","$961,440,000 ","$144,216,000 ",,"$7,508,000,000 ","$2,853,040,000 ","$1,651,760,000 ","$900,960,000 ","$105,112,000 ",,"$6,757,000,000 ","$3,040,650,000 ","$1,486,540,000 ","$675,700,000 ","$67,570,000 ",,"$9,343,000,000 ","$3,830,630,000 ","$2,148,890,000 ","$1,027,730,000 ","$112,116,000 ",
Cardinal BioTech,Molecule_009,Dermatology,Eczema,"$14,248,000,000 ","$5,000,400,000 ","$2,849,600,000 ","$1,709,760,000 ","$284,960,000 ",,"$8,016,000,000 ","$3,847,680,000 ","$1,442,880,000 ","$961,920,000 ","$160,320,000 ",,"$8,421,000,000 ","$3,705,240,000 ","$1,768,410,000 ","$842,100,000 ","$126,315,000 ",,"$6,616,000,000 ","$2,381,760,000 ","$1,257,040,000 ","$727,760,000 ","$66,160,000 ",,"$12,729,000,000 ","$4,836,000,000 ","$2,673,090,000 ","$1,527,480,000 ","$190,935,000 ",,"$8,460,000,000 ","$3,891,600,000 ","$1,522,800,000 ","$1,015,200,000 ","$126,900,000 ",
Cardinal BioTech,Molecule_029,Oncology,Colorectal Cancer,"$14,248,000,000 ","$5,000,400,000 ","$2,849,600,000 ","$1,709,760,000 ","$284,960,000 ",,"$8,016,000,000 ","$3,847,680,000 ","$1,442,880,000 ","$961,920,000 ","$160,320,000 ",,"$8,421,000,000 ","$3,705,240,000 ","$1,768,410,000 ","$842,100,000 ","$126,315,000 ",,"$6,616,000,000 ","$2,381,760,000 ","$1,257,040,000 ","$727,760,000 ","$66,160,000 ",,"$12,729,000,000 ","$4,836,000,000 ","$2,673,090,000 ","$1,527,480,000 ","$190,935,000 ",,"$8,460,000,000 ","$3,891,600,000 ","$1,522,800,000 ","$1,015,200,000 ","$126,900,000 ",
Cardinal BioTech,Molecule_049,Gastroenterology,Irritable Bowel Syndrome,"$14,248,000,000 ","$5,000,400,000 ","$2,849,600,000 ","$1,709,760,000 ","$142,480,000 ",,"$8,016,000,000 ","$3,847,680,000 ","$1,442,880,000 ","$961,920,000 ","$160,320,000 ",,"$8,421,000,000 ","$3,705,240,000 ","$1,768,410,000 ","$842,100,000 ","$126,315,000 ",,"$6,616,000,000 ","$2,381,760,000 ","$1,257,040,000 ","$727,760,000 ","$66,160,000 ",,"$12,729,000,000 ","$4,836,000,000 ","$2,673,090,000 ","$1,527,480,000 ","$190,935,000 ",,"$8,460,000,000 ","$3,891,600,000 ","$1,522,800,000 ","$1,015,200,000 ","$126,900,000 ",
Cardinal BioTech,Molecule_069,Nephrology,Chronic Kidney Disease,"$14,248,000,000 ","$5,000,400,000 ","$2,849,600,000 ","$1,709,760,000 ","$284,960,000 ",,"$8,016,000,000 ","$3,847,680,000 ","$1,442,880,000 ","$961,920,000 ","$160,320,000 ",,"$8,421,000,000 ","$3,705,240,000 ","$1,768,410,000 ","$842,100,000 ","$126,315,000 ",,"$6,616,000,000 ","$2,381,760,000 ","$1,257,040,000 ","$727,760,000 ","$66,160,000 ",,"$12,729,000,000 ","$4,836,000,000 ","$2,673,090,000 ","$1,527,480,000 ","$190,935,000 ",,"$8,460,000,000 ","$3,891,600,000 ","$1,522,800,000 ","$1,015,200,000 ","$126,900,000 ",
Cardinal BioTech,Molecule_089,Infectious Diseases,Sepsis,"$14,248,000,000 ","$5,000,400,000 ","$2,849,600,000 ","$1,709,760,000 ","$142,480,000 ",,"$8,016,000,000 ","$3,847,680,000 ","$1,442,880,000 ","$961,920,000 ","$160,320,000 ",,"$8,421,000,000 ","$3,705,240,000 ","$1,768,410,000 ","$842,100,000 ","$126,315,000 ",,"$6,616,000,000 ","$2,381,760,000 ","$1,257,040,000 ","$727,760,000 ","$66,160,000 ",,"$12,729,000,000 ","$4,836,000,000 ","$2,673,090,000 ","$1,527,480,000 ","$190,935,000 ",,"$8,460,000,000 ","$3,891,600,000 ","$1,522,800,000 ","$1,015,200,000 ","$126,900,000 ",
Cardinal BioTech,Molecule_109,Rare Diseases,Huntington's Disease,"$14,248,000,000 ","$5,000,400,000 ","$2,849,600,000 ","$1,709,760,000 ","$284,960,000 ",,"$8,016,000,000 ","$3,847,680,000 ","$1,442,880,000 ","$961,920,000 ","$160,320,000 ",,"$8,421,000,000 ","$3,705,240,000 ","$1,768,410,000 ","$842,100,000 ","$126,315,000 ",,"$6,616,000,000 ","$2,381,760,000 ","$1,257,040,000 ","$727,760,000 ","$66,160,000 ",,"$12,729,000,000 ","$4,836,000,000 ","$2,673,090,000 ","$1,527,480,000 ","$190,935,000 ",,"$8,460,000,000 ","$3,891,600,000 ","$1,522,800,000 ","$1,015,200,000 ","$126,900,000 ",
Cardinal BioTech,Molecule_129,Neurology,Migraine,"$14,248,000,000 ","$5,000,400,000 ","$2,849,600,000 ","$1,709,760,000 ","$142,480,000 ",,"$8,016,000,000 ","$3,847,680,000 ","$1,442,880,000 ","$961,920,000 ","$160,320,000 ",,"$8,421,000,000 ","$3,705,240,000 ","$1,768,410,000 ","$842,100,000 ","$126,315,000 ",,"$6,616,000,000 ","$2,381,760,000 ","$1,257,040,000 ","$727,760,000 ","$66,160,000 ",,"$12,729,000,000 ","$4,836,000,000 ","$2,673,090,000 ","$1,527,480,000 ","$190,935,000 ",,"$8,460,000,000 ","$3,891,600,000 ","$1,522,800,000 ","$1,015,200,000 ","$126,900,000 ",
Evergreen Bio,Molecule_013,Nephrology,Chronic Kidney Disease,"$14,248,000,000 ","$5,000,400,000 ","$2,849,600,000 ","$1,709,760,000 ","$213,720,000 ",,"$8,016,000,000 ","$3,847,680,000 ","$1,442,880,000 ","$961,920,000 ","$160,320,000 ",,"$8,421,000,000 ","$3,705,240,000 ","$1,768,410,000 ","$842,100,000 ","$126,315,000 ",,"$6,616,000,000 ","$2,381,760,000 ","$1,257,040,000 ","$727,760,000 ","$66,160,000 ",,"$12,729,000,000 ","$4,836,000,000 ","$2,673,090,000 ","$1,527,480,000 ","$190,935,000 ",,"$8,460,000,000 ","$3,891,600,000 ","$1,522,800,000 ","$1,015,200,000 ","$126,900,000 ",
Evergreen Bio,Molecule_033,Infectious Diseases,Influenza,"$14,248,000,000 ","$5,000,400,000 ","$2,849,600,000 ","$1,709,760,000 ","$256,464,000 ",,"$8,016,000,000 ","$3,847,680,000 ","$1,442,880,000 ","$961,920,000 ","$160,320,000 ",,"$8,421,000,000 ","$3,705,240,000 ","$1,768,410,000 ","$842,100,000 ","$126,315,000 ",,"$6,616,000,000 ","$2,381,760,000 ","$1,257,040,000 ","$727,760,000 ","$66,160,000 ",,"$12,729,000,000 ","$4,836,000,000 ","$2,673,090,000 ","$1,527,480,000 ","$190,935,000 ",,"$8,460,000,000 ","$3,891,600,000 ","$1,522,800,000 ","$1,015,200,000 ","$126,900,000 ",
Evergreen Bio,Molecule_053,Rare Diseases,Huntington's Disease,"$14,248,000,000 ","$5,000,400,000 ","$2,849,600,000 ","$1,709,760,000 ","$213,720,000 ",,"$8,016,000,000 ","$3,847,680,000 ","$1,442,880,000 ","$961,920,000 ","$160,320,000 ",,"$8,421,000,000 ","$3,705,240,000 ","$1,768,410,000 ","$842,100,000 ","$126,315,000 ",,"$6,616,000,000 ","$2,381,760,000 ","$1,257,040,000 ","$727,760,000 ","$66,160,000 ",,"$12,729,000,000 ","$4,836,000,000 ","$2,673,090,000 ","$1,527,480,000 ","$190,935,000 ",,"$8,460,000,000 ","$3,891,600,000 ","$1,522,800,000 ","$1,015,200,000 ","$126,900,000 ",
Evergreen Bio,Molecule_073,Neurology,Epilepsy,"$14,248,000,000 ","$5,000,400,000 ","$2,849,600,000 ","$1,709,760,000 ","$256,464,000 ",,"$8,016,000,000 ","$3,847,680,000 ","$1,442,880,000 ","$961,920,000 ","$160,320,000 ",,"$8,421,000,000 ","$3,705,240,000 ","$1,768,410,000 ","$842,100,000 ","$126,315,000 ",,"$6,616,000,000 ","$2,381,760,000 ","$1,257,040,000 ","$727,760,000 ","$66,160,000 ",,"$12,729,000,000 ","$4,836,000,000 ","$2,673,090,000 ","$1,527,480,000 ","$190,935,000 ",,"$8,460,000,000 ","$3,891,600,000 ","$1,522,800,000 ","$1,015,200,000 ","$126,900,000 ",
Evergreen Bio,Molecule_093,Dermatology,Acne,"$14,248,000,000 ","$5,000,400,000 ","$2,849,600,000 ","$1,709,760,000 ","$213,720,000 ",,"$8,016,000,000 ","$3,847,680,000 ","$1,442,880,000 ","$961,920,000 ","$160,320,000 ",,"$8,421,000,000 ","$3,705,240,000 ","$1,768,410,000 ","$842,100,000 ","$126,315,000 ",,"$6,616,000,000 ","$2,381,760,000 ","$1,257,040,000 ","$727,760,000 ","$66,160,000 ",,"$12,729,000,000 ","$4,836,000,000 ","$2,673,090,000 ","$1,527,480,000 ","$190,935,000 ",,"$8,460,000,000 ","$3,891,600,000 ","$1,522,800,000 ","$1,015,200,000 ","$126,900,000 ",
Evergreen Bio,Molecule_113,Oncology,Lung Cancer,"$14,248,000,000 ","$5,000,400,000 ","$2,849,600,000 ","$1,709,760,000 ","$256,464,000 ",,"$8,016,000,000 ","$3,847,680,000 ","$1,442,880,000 ","$961,920,000 ","$160,320,000 ",,"$8,421,000,000 ","$3,705,240,000 ","$1,768,410,000 ","$842,100,000 ","$126,315,000 ",,"$6,616,000,000 ","$2,381,760,000 ","$1,257,040,000 ","$727,760,000 ","$66,160,000 ",,"$12,729,000,000 ","$4,836,000,000 ","$2,673,090,000 ","$1,527,480,000 ","$190,935,000 ",,"$8,460,000,000 ","$3,891,600,000 ","$1,522,800,000 ","$1,015,200,000 ","$126,900,000 ",
Evergreen Bio,Molecule_133,Gastroenterology,Fatty Liver Disease,"$14,248,000,000 ","$5,000,400,000 ","$2,849,600,000 ","$1,709,760,000 ","$256,464,000 ",,"$8,016,000,000 ","$3,847,680,000 ","$1,442,880,000 ","$961,920,000 ","$160,320,000 ",,"$8,421,000,000 ","$3,705,240,000 ","$1,768,410,000 ","$842,100,000 ","$126,315,000 ",,"$6,616,000,000 ","$2,381,760,000 ","$1,257,040,000 ","$727,760,000 ","$66,160,000 ",,"$12,729,000,000 ","$4,836,000,000 ","$2,673,090,000 ","$1,527,480,000 ","$190,935,000 ",,"$8,460,000,000 ","$3,891,600,000 ","$1,522,800,000 ","$1,015,200,000 ","$126,900,000 ",
Frontier Pharma,Molecule_012,Psychiatry,Major Depressive Disorder,"$5,081,000,000 ","$2,032,400,000 ","$1,067,010,000 ","$609,720,000 ","$71,134,000 ",,"$9,418,000,000 ","$3,673,020,000 ","$1,601,060,000 ","$1,130,160,000 ","$141,270,000 ",,"$5,782,000,000 ","$2,312,800,000 ","$1,156,400,000 ","$693,840,000 ","$57,820,000 ",,"$13,546,000,000 ","$5,012,020,000 ","$2,709,200,000 ","$1,354,600,000 ","$203,190,000 ",,"$8,460,000,000 ","$3,722,400,000 ","$1,692,000,000 ","$846,000,000 ","$126,900,000 ",,"$7,508,000,000 ","$2,778,000,000 ","$1,651,760,000 ","$900,960,000 ","$75,080,000 ",
Frontier Pharma,Molecule_032,Immunology,Lupus,"$5,081,000,000 ","$2,032,400,000 ","$1,067,010,000 ","$609,720,000 ","$35,567,000 ",,"$9,418,000,000 ","$3,673,020,000 ","$1,601,060,000 ","$1,130,160,000 ","$141,270,000 ",,"$5,782,000,000 ","$2,312,800,000 ","$1,156,400,000 ","$693,840,000 ","$57,820,000 ",,"$13,546,000,000 ","$5,012,020,000 ","$2,709,200,000 ","$1,354,600,000 ","$203,190,000 ",,"$8,460,000,000 ","$3,722,400,000 ","$1,692,000,000 ","$846,000,000 ","$126,900,000 ",,"$7,508,000,000 ","$2,778,000,000 ","$1,651,760,000 ","$900,960,000 ","$75,080,000 ",
Frontier Pharma,Molecule_052,Pulmonology,Asthma,"$5,081,000,000 ","$2,032,400,000 ","$1,067,010,000 ","$609,720,000 ","$40,648,000 ",,"$9,418,000,000 ","$3,673,020,000 ","$1,601,060,000 ","$1,130,160,000 ","$141,270,000 ",,"$5,782,000,000 ","$2,312,800,000 ","$1,156,400,000 ","$693,840,000 ","$57,820,000 ",,"$13,546,000,000 ","$5,012,020,000 ","$2,709,200,000 ","$1,354,600,000 ","$203,190,000 ",,"$8,460,000,000 ","$3,722,400,000 ","$1,692,000,000 ","$846,000,000 ","$126,900,000 ",,"$7,508,000,000 ","$2,778,000,000 ","$1,651,760,000 ","$900,960,000 ","$75,080,000 ",
Frontier Pharma,Molecule_072,Cardiology,Coronary Artery Disease,"$5,081,000,000 ","$2,032,400,000 ","$1,067,010,000 ","$609,720,000 ","$35,567,000 ",,"$9,418,000,000 ","$3,673,020,000 ","$1,601,060,000 ","$1,130,160,000 ","$141,270,000 ",,"$5,782,000,000 ","$2,312,800,000 ","$1,156,400,000 ","$693,840,000 ","$57,820,000 ",,"$13,546,000,000 ","$5,012,020,000 ","$2,709,200,000 ","$1,354,600,000 ","$203,190,000 ",,"$8,460,000,000 ","$3,722,400,000 ","$1,692,000,000 ","$846,000,000 ","$126,900,000 ",,"$7,508,000,000 ","$2,778,000,000 ","$1,651,760,000 ","$900,960,000 ","$75,080,000 ",
Frontier Pharma,Molecule_092,Ophthalmology,Diabetic Retinopathy,"$5,081,000,000 ","$2,032,400,000 ","$1,067,010,000 ","$609,720,000 ","$40,648,000 ",,"$9,418,000,000 ","$3,673,020,000 ","$1,601,060,000 ","$1,130,160,000 ","$141,270,000 ",,"$5,782,000,000 ","$2,312,800,000 ","$1,156,400,000 ","$693,840,000 ","$57,820,000 ",,"$13,546,000,000 ","$5,012,020,000 ","$2,709,200,000 ","$1,354,600,000 ","$203,190,000 ",,"$8,460,000,000 ","$3,722,400,000 ","$1,692,000,000 ","$846,000,000 ","$126,900,000 ",,"$7,508,000,000 ","$2,778,000,000 ","$1,651,760,000 ","$900,960,000 ","$75,080,000 ",
Frontier Pharma,Molecule_112,Rheumatology,Gout,"$5,081,000,000 ","$2,032,400,000 ","$1,067,010,000 ","$609,720,000 ","$35,567,000 ",,"$9,418,000,000 ","$3,673,020,000 ","$1,601,060,000 ","$1,130,160,000 ","$141,270,000 ",,"$5,782,000,000 ","$2,312,800,000 ","$1,156,400,000 ","$693,840,000 ","$57,820,000 ",,"$13,546,000,000 ","$5,012,020,000 ","$2,709,200,000 ","$1,354,600,000 ","$203,190,000 ",,"$8,460,000,000 ","$3,722,400,000 ","$1,692,000,000 ","$846,000,000 ","$126,900,000 ",,"$7,508,000,000 ","$2,778,000,000 ","$1,651,760,000 ","$900,960,000 ","$75,080,000 ",
Frontier Pharma,Molecule_132,Endocrinology,Adrenal Insufficiency,"$5,081,000,000 ","$2,032,400,000 ","$1,067,010,000 ","$609,720,000 ","$40,648,000 ",,"$9,418,000,000 ","$3,673,020,000 ","$1,601,060,000 ","$1,130,160,000 ","$141,270,000 ",,"$5,782,000,000 ","$2,312,800,000 ","$1,156,400,000 ","$693,840,000 ","$57,820,000 ",,"$13,546,000,000 ","$5,012,020,000 ","$2,709,200,000 ","$1,354,600,000 ","$203,190,000 ",,"$8,460,000,000 ","$3,722,400,000 ","$1,692,000,000 ","$846,000,000 ","$126,900,000 ",,"$7,508,000,000 ","$2,778,000,000 ","$1,651,760,000 ","$900,960,000 ","$75,080,000 ",
Fusion Biotics,Molecule_016,Cardiology,Coronary Artery Disease,"$6,675,000,000 ","$3,204,000,000 ","$1,468,500,000 ","$500,625,000 ","$66,750,000 ",,"$8,642,000,000 ","$3,975,320,000 ","$1,555,560,000 ","$1,037,040,000 ","$155,556,000 ",,"$8,012,000,000 ","$3,685,520,000 ","$1,602,400,000 ","$961,440,000 ","$144,216,000 ",,"$7,508,000,000 ","$2,853,040,000 ","$1,651,760,000 ","$900,960,000 ","$105,112,000 ",,"$6,757,000,000 ","$3,040,650,000 ","$1,486,540,000 ","$675,700,000 ","$67,570,000 ",,"$9,343,000,000 ","$3,830,630,000 ","$2,148,890,000 ","$1,027,730,000 ","$112,116,000 ",
Fusion Biotics,Molecule_036,Ophthalmology,Diabetic Retinopathy,"$6,675,000,000 ","$3,204,000,000 ","$1,468,500,000 ","$500,625,000 ","$33,375,000 ",,"$8,642,000,000 ","$3,975,320,000 ","$1,555,560,000 ","$1,037,040,000 ","$155,556,000 ",,"$8,012,000,000 ","$3,685,520,000 ","$1,602,400,000 ","$961,440,000 ","$144,216,000 ",,"$7,508,000,000 ","$2,853,040,000 ","$1,651,760,000 ","$900,960,000 ","$105,112,000 ",,"$6,757,000,000 ","$3,040,650,000 ","$1,486,540,000 ","$675,700,000 ","$67,570,000 ",,"$9,343,000,000 ","$3,830,630,000 ","$2,148,890,000 ","$1,027,730,000 ","$112,116,000 ",
Fusion Biotics,Molecule_056,Rheumatology,Systemic Lupus Erythematosus,"$6,675,000,000 ","$3,204,000,000 ","$1,468,500,000 ","$500,625,000 ","$38,047,500 ",,"$8,642,000,000 ","$3,975,320,000 ","$1,555,560,000 ","$1,037,040,000 ","$155,556,000 ",,"$8,012,000,000 ","$3,685,520,000 ","$1,602,400,000 ","$961,440,000 ","$144,216,000 ",,"$7,508,000,000 ","$2,853,040,000 ","$1,651,760,000 ","$900,960,000 ","$105,112,000 ",,"$6,757,000,000 ","$3,040,650,000 ","$1,486,540,000 ","$675,700,000 ","$67,570,000 ",,"$9,343,000,000 ","$3,830,630,000 ","$2,148,890,000 ","$1,027,730,000 ","$112,116,000 ",
Fusion Biotics,Molecule_076,Endocrinology,Osteoporosis,"$6,675,000,000 ","$3,204,000,000 ","$1,468,500,000 ","$500,625,000 ","$33,375,000 ",,"$8,642,000,000 ","$3,975,320,000 ","$1,555,560,000 ","$1,037,040,000 ","$155,556,000 ",,"$8,012,000,000 ","$3,685,520,000 ","$1,602,400,000 ","$961,440,000 ","$144,216,000 ",,"$7,508,000,000 ","$2,853,040,000 ","$1,651,760,000 ","$900,960,000 ","$105,112,000 ",,"$6,757,000,000 ","$3,040,650,000 ","$1,486,540,000 ","$675,700,000 ","$67,570,000 ",,"$9,343,000,000 ","$3,830,630,000 ","$2,148,890,000 ","$1,027,730,000 ","$112,116,000 ",
Fusion Biotics,Molecule_096,Psychiatry,Anxiety Disorder,"$6,675,000,000 ","$3,204,000,000 ","$1,468,500,000 ","$500,625,000 ","$33,375,000 ",,"$8,642,000,000 ","$3,975,320,000 ","$1,555,560,000 ","$1,037,040,000 ","$155,556,000 ",,"$8,012,000,000 ","$3,685,520,000 ","$1,602,400,000 ","$961,440,000 ","$144,216,000 ",,"$7,508,000,000 ","$2,853,040,000 ","$1,651,760,000 ","$900,960,000 ","$105,112,000 ",,"$6,757,000,000 ","$3,040,650,000 ","$1,486,540,000 ","$675,700,000 ","$67,570,000 ",,"$9,343,000,000 ","$3,830,630,000 ","$2,148,890,000 ","$1,027,730,000 ","$112,116,000 ",
Fusion Biotics,Molecule_116,Immunology,Rheumatoid Arthritis,"$6,675,000,000 ","$3,204,000,000 ","$1,468,500,000 ","$500,625,000 ","$33,375,000 ",,"$8,642,000,000 ","$3,975,320,000 ","$1,555,560,000 ","$1,037,040,000 ","$155,556,000 ",,"$8,012,000,000 ","$3,685,520,000 ","$1,602,400,000 ","$961,440,000 ","$144,216,000 ",,"$7,508,000,000 ","$2,853,040,000 ","$1,651,760,000 ","$900,960,000 ","$105,112,000 ",,"$6,757,000,000 ","$3,040,650,000 ","$1,486,540,000 ","$675,700,000 ","$67,570,000 ",,"$9,343,000,000 ","$3,830,630,000 ","$2,148,890,000 ","$1,027,730,000 ","$112,116,000 ",
Genesis BioPharma,Molecule_020,Endocrinology,Diabetes Mellitus Type 1,"$9,579,000,000 ","$4,406,240,000 ","$2,298,960,000 ","$1,149,480,000 ","$143,685,000 ",,"$6,021,000,000 ","$2,408,400,000 ","$1,264,410,000 ","$662,310,000 ","$108,378,000 ",,"$14,257,000,000 ","$5,845,370,000 ","$2,566,260,000 ","$1,425,700,000 ","$142,570,000 ",,"$9,418,000,000 ","$4,238,100,000 ","$1,695,240,000 ","$1,130,160,000 ","$94,180,000 ",,"$5,782,000,000 ","$2,428,440,000 ","$1,272,040,000 ","$578,200,000 ","$57,820,000 ",,"$13,546,000,000 ","$5,012,020,000 ","$3,115,580,000 ","$1,354,600,000 ","$162,552,000 ",
Genesis BioPharma,Molecule_040,Psychiatry,Bipolar Disorder,"$9,579,000,000 ","$4,406,240,000 ","$2,298,960,000 ","$1,149,480,000 ","$191,580,000 ",,"$6,021,000,000 ","$2,408,400,000 ","$1,264,410,000 ","$662,310,000 ","$108,378,000 ",,"$14,257,000,000 ","$5,845,370,000 ","$2,566,260,000 ","$1,425,700,000 ","$142,570,000 ",,"$9,418,000,000 ","$4,238,100,000 ","$1,695,240,000 ","$1,130,160,000 ","$94,180,000 ",,"$5,782,000,000 ","$2,428,440,000 ","$1,272,040,000 ","$578,200,000 ","$57,820,000 ",,"$13,546,000,000 ","$5,012,020,000 ","$3,115,580,000 ","$1,354,600,000 ","$162,552,000 ",
Genesis BioPharma,Molecule_060,Immunology,Rheumatoid Arthritis,"$9,579,000,000 ","$4,406,240,000 ","$2,298,960,000 ","$1,149,480,000 ","$95,790,000 ",,"$6,021,000,000 ","$2,408,400,000 ","$1,264,410,000 ","$662,310,000 ","$108,378,000 ",,"$14,257,000,000 ","$5,845,370,000 ","$2,566,260,000 ","$1,425,700,000 ","$142,570,000 ",,"$9,418,000,000 ","$4,238,100,000 ","$1,695,240,000 ","$1,130,160,000 ","$94,180,000 ",,"$5,782,000,000 ","$2,428,440,000 ","$1,272,040,000 ","$578,200,000 ","$57,820,000 ",,"$13,546,000,000 ","$5,012,020,000 ","$3,115,580,000 ","$1,354,600,000 ","$162,552,000 ",
Genesis BioPharma,Molecule_080,Pulmonology,COPD,"$9,579,000,000 ","$4,406,240,000 ","$2,298,960,000 ","$1,149,480,000 ","$191,580,000 ",,"$6,021,000,000 ","$2,408,400,000 ","$1,264,410,000 ","$662,310,000 ","$108,378,000 ",,"$14,257,000,000 ","$5,845,370,000 ","$2,566,260,000 ","$1,425,700,000 ","$142,570,000 ",,"$9,418,000,000 ","$4,238,100,000 ","$1,695,240,000 ","$1,130,160,000 ","$94,180,000 ",,"$5,782,000,000 ","$2,428,440,000 ","$1,272,040,000 ","$578,200,000 ","$57,820,000 ",,"$13,546,000,000 ","$5,012,020,000 ","$3,115,580,000 ","$1,354,600,000 ","$162,552,000 ",
Genesis BioPharma,Molecule_100,Cardiology,Coronary Artery Disease,"$9,579,000,000 ","$4,406,240,000 ","$2,298,960,000 ","$1,149,480,000 ","$95,790,000 ",,"$6,021,000,000 ","$2,408,400,000 ","$1,264,410,000 ","$662,310,000 ","$108,378,000 ",,"$14,257,000,000 ","$5,845,370,000 ","$2,566,260,000 ","$1,425,700,000 ","$142,570,000 ",,"$9,418,000,000 ","$4,238,100,000 ","$1,695,240,000 ","$1,130,160,000 ","$94,180,000 ",,"$5,782,000,000 ","$2,428,440,000 ","$1,272,040,000 ","$578,200,000 ","$57,820,000 ",,"$13,546,000,000 ","$5,012,020,000 ","$3,115,580,000 ","$1,354,600,000 ","$162,552,000 ",
Genesis BioPharma,Molecule_120,Ophthalmology,Glaucoma,"$9,579,000,000 ","$4,406,240,000 ","$2,298,960,000 ","$1,149,480,000 ","$95,790,000 ",,"$6,021,000,000 ","$2,408,400,000 ","$1,264,410,000 ","$662,310,000 ","$108,378,000 ",,"$14,257,000,000 ","$5,845,370,000 ","$2,566,260,000 ","$1,425,700,000 ","$142,570,000 ",,"$9,418,000,000 ","$4,238,100,000 ","$1,695,240,000 ","$1,130,160,000 ","$94,180,000 ",,"$5,782,000,000 ","$2,428,440,000 ","$1,272,040,000 ","$578,200,000 ","$57,820,000 ",,"$13,546,000,000 ","$5,012,020,000 ","$3,115,580,000 ","$1,354,600,000 ","$162,552,000 ",
Global BioPharma,Molecule_004,Immunology,Rheumatoid Arthritis,"$5,081,000,000 ","$2,184,830,000 ","$1,067,010,000 ","$609,720,000 ","$35,567,000 ",,"$10,638,000,000 ","$3,723,300,000 ","$2,233,980,000 ","$1,489,320,000 ","$212,760,000 ",,"$10,753,000,000 ","$4,516,260,000 ","$2,473,200,000 ","$1,290,360,000 ","$161,295,000 ",,"$5,232,000,000 ","$2,197,440,000 ","$1,255,680,000 ","$627,840,000 ","$78,480,000 ",,"$10,131,000,000 ","$4,356,860,000 ","$1,823,580,000 ","$1,215,720,000 ","$121,572,000 ",,"$6,753,000,000 ","$2,768,730,000 ","$1,350,600,000 ","$810,360,000 ","$101,295,000 ",
Global BioPharma,Molecule_024,Pulmonology,COPD,"$5,081,000,000 ","$2,184,830,000 ","$1,067,010,000 ","$609,720,000 ","$25,405,000 ",,"$10,638,000,000 ","$3,723,300,000 ","$2,233,980,000 ","$1,489,320,000 ","$212,760,000 ",,"$10,753,000,000 ","$4,516,260,000 ","$2,473,200,000 ","$1,290,360,000 ","$161,295,000 ",,"$5,232,000,000 ","$2,197,440,000 ","$1,255,680,000 ","$627,840,000 ","$78,480,000 ",,"$10,131,000,000 ","$4,356,860,000 ","$1,823,580,000 ","$1,215,720,000 ","$121,572,000 ",,"$6,753,000,000 ","$2,768,730,000 ","$1,350,600,000 ","$810,360,000 ","$101,295,000 ",
Global BioPharma,Molecule_044,Cardiology,Atrial Fibrillation,"$5,081,000,000 ","$2,184,830,000 ","$1,067,010,000 ","$609,720,000 ","$35,567,000 ",,"$10,638,000,000 ","$3,723,300,000 ","$2,233,980,000 ","$1,489,320,000 ","$212,760,000 ",,"$10,753,000,000 ","$4,516,260,000 ","$2,473,200,000 ","$1,290,360,000 ","$161,295,000 ",,"$5,232,000,000 ","$2,197,440,000 ","$1,255,680,000 ","$627,840,000 ","$78,480,000 ",,"$10,131,000,000 ","$4,356,860,000 ","$1,823,580,000 ","$1,215,720,000 ","$121,572,000 ",,"$6,753,000,000 ","$2,768,730,000 ","$1,350,600,000 ","$810,360,000 ","$101,295,000 ",
Global BioPharma,Molecule_064,Ophthalmology,Macular Degeneration,"$5,081,000,000 ","$2,184,830,000 ","$1,067,010,000 ","$609,720,000 ","$25,405,000 ",,"$10,638,000,000 ","$3,723,300,000 ","$2,233,980,000 ","$1,489,320,000 ","$212,760,000 ",,"$10,753,000,000 ","$4,516,260,000 ","$2,473,200,000 ","$1,290,360,000 ","$161,295,000 ",,"$5,232,000,000 ","$2,197,440,000 ","$1,255,680,000 ","$627,840,000 ","$78,480,000 ",,"$10,131,000,000 ","$4,356,860,000 ","$1,823,580,000 ","$1,215,720,000 ","$121,572,000 ",,"$6,753,000,000 ","$2,768,730,000 ","$1,350,600,000 ","$810,360,000 ","$101,295,000 ",
Global BioPharma,Molecule_084,Rheumatology,Ankylosing Spondylitis,"$5,081,000,000 ","$2,184,830,000 ","$1,067,010,000 ","$609,720,000 ","$35,567,000 ",,"$10,638,000,000 ","$3,723,300,000 ","$2,233,980,000 ","$1,489,320,000 ","$212,760,000 ",,"$10,753,000,000 ","$4,516,260,000 ","$2,473,200,000 ","$1,290,360,000 ","$161,295,000 ",,"$5,232,000,000 ","$2,197,440,000 ","$1,255,680,000 ","$627,840,000 ","$78,480,000 ",,"$10,131,000,000 ","$4,356,860,000 ","$1,823,580,000 ","$1,215,720,000 ","$121,572,000 ",,"$6,753,000,000 ","$2,768,730,000 ","$1,350,600,000 ","$810,360,000 ","$101,295,000 ",
Global BioPharma,Molecule_104,Endocrinology,Osteoporosis,"$5,081,000,000 ","$2,184,830,000 ","$1,067,010,000 ","$609,720,000 ","$25,405,000 ",,"$10,638,000,000 ","$3,723,300,000 ","$2,233,980,000 ","$1,489,320,000 ","$212,760,000 ",,"$10,753,000,000 ","$4,516,260,000 ","$2,473,200,000 ","$1,290,360,000 ","$161,295,000 ",,"$5,232,000,000 ","$2,197,440,000 ","$1,255,680,000 ","$627,840,000 ","$78,480,000 ",,"$10,131,000,000 ","$4,356,860,000 ","$1,823,580,000 ","$1,215,720,000 ","$121,572,000 ",,"$6,753,000,000 ","$2,768,730,000 ","$1,350,600,000 ","$810,360,000 ","$101,295,000 ",
Global BioPharma,Molecule_124,Psychiatry,Schizophrenia,"$5,081,000,000 ","$2,184,830,000 ","$1,067,010,000 ","$609,720,000 ","$25,405,000 ",,"$10,638,000,000 ","$3,723,300,000 ","$2,233,980,000 ","$1,489,320,000 ","$212,760,000 ",,"$10,753,000,000 ","$4,516,260,000 ","$2,473,200,000 ","$1,290,360,000 ","$161,295,000 ",,"$5,232,000,000 ","$2,197,440,000 ","$1,255,680,000 ","$627,840,000 ","$78,480,000 ",,"$10,131,000,000 ","$4,356,860,000 ","$1,823,580,000 ","$1,215,720,000 ","$121,572,000 ",,"$6,753,000,000 ","$2,768,730,000 ","$1,350,600,000 ","$810,360,000 ","$101,295,000 ",
Integra LifeSciences,Molecule_010,Pulmonology,Asthma,"$9,579,000,000 ","$4,406,240,000 ","$2,298,960,000 ","$1,149,480,000 ","$143,685,000 ",,"$6,021,000,000 ","$2,408,400,000 ","$1,264,410,000 ","$662,310,000 ","$108,378,000 ",,"$14,257,000,000 ","$5,845,370,000 ","$2,566,260,000 ","$1,425,700,000 ","$142,570,000 ",,"$9,418,000,000 ","$4,238,100,000 ","$1,695,240,000 ","$1,130,160,000 ","$94,180,000 ",,"$5,782,000,000 ","$2,428,440,000 ","$1,272,040,000 ","$578,200,000 ","$57,820,000 ",,"$13,546,000,000 ","$5,012,020,000 ","$3,115,580,000 ","$1,354,600,000 ","$162,552,000 ",
Integra LifeSciences,Molecule_030,Cardiology,Heart Failure,"$9,579,000,000 ","$4,406,240,000 ","$2,298,960,000 ","$1,149,480,000 ","$95,790,000 ",,"$6,021,000,000 ","$2,408,400,000 ","$1,264,410,000 ","$662,310,000 ","$108,378,000 ",,"$14,257,000,000 ","$5,845,370,000 ","$2,566,260,000 ","$1,425,700,000 ","$142,570,000 ",,"$9,418,000,000 ","$4,238,100,000 ","$1,695,240,000 ","$1,130,160,000 ","$94,180,000 ",,"$5,782,000,000 ","$2,428,440,000 ","$1,272,040,000 ","$578,200,000 ","$57,820,000 ",,"$13,546,000,000 ","$5,012,020,000 ","$3,115,580,000 ","$1,354,600,000 ","$162,552,000 ",
Integra LifeSciences,Molecule_050,Ophthalmology,Macular Degeneration,"$9,579,000,000 ","$4,406,240,000 ","$2,298,960,000 ","$1,149,480,000 ","$191,580,000 ",,"$6,021,000,000 ","$2,408,400,000 ","$1,264,410,000 ","$662,310,000 ","$108,378,000 ",,"$14,257,000,000 ","$5,845,370,000 ","$2,566,260,000 ","$1,425,700,000 ","$142,570,000 ",,"$9,418,000,000 ","$4,238,100,000 ","$1,695,240,000 ","$1,130,160,000 ","$94,180,000 ",,"$5,782,000,000 ","$2,428,440,000 ","$1,272,040,000 ","$578,200,000 ","$57,820,000 ",,"$13,546,000,000 ","$5,012,020,000 ","$3,115,580,000 ","$1,354,600,000 ","$162,552,000 ",
Integra LifeSciences,Molecule_070,Rheumatology,Gout,"$9,579,000,000 ","$4,406,240,000 ","$2,298,960,000 ","$1,149,480,000 ","$95,790,000 ",,"$6,021,000,000 ","$2,408,400,000 ","$1,264,410,000 ","$662,310,000 ","$108,378,000 ",,"$14,257,000,000 ","$5,845,370,000 ","$2,566,260,000 ","$1,425,700,000 ","$142,570,000 ",,"$9,418,000,000 ","$4,238,100,000 ","$1,695,240,000 ","$1,130,160,000 ","$94,180,000 ",,"$5,782,000,000 ","$2,428,440,000 ","$1,272,040,000 ","$578,200,000 ","$57,820,000 ",,"$13,546,000,000 ","$5,012,020,000 ","$3,115,580,000 ","$1,354,600,000 ","$162,552,000 ",
Integra LifeSciences,Molecule_090,Endocrinology,Adrenal Insufficiency,"$9,579,000,000 ","$4,406,240,000 ","$2,298,960,000 ","$1,149,480,000 ","$191,580,000 ",,"$6,021,000,000 ","$2,408,400,000 ","$1,264,410,000 ","$662,310,000 ","$108,378,000 ",,"$14,257,000,000 ","$5,845,370,000 ","$2,566,260,000 ","$1,425,700,000 ","$142,570,000 ",,"$9,418,000,000 ","$4,238,100,000 ","$1,695,240,000 ","$1,130,160,000 ","$94,180,000 ",,"$5,782,000,000 ","$2,428,440,000 ","$1,272,040,000 ","$578,200,000 ","$57,820,000 ",,"$13,546,000,000 ","$5,012,020,000 ","$3,115,580,000 ","$1,354,600,000 ","$162,552,000 ",
Integra LifeSciences,Molecule_110,Psychiatry,Major Depressive Disorder,"$9,579,000,000 ","$4,406,240,000 ","$2,298,960,000 ","$1,149,480,000 ","$95,790,000 ",,"$6,021,000,000 ","$2,408,400,000 ","$1,264,410,000 ","$662,310,000 ","$108,378,000 ",,"$14,257,000,000 ","$5,845,370,000 ","$2,566,260,000 ","$1,425,700,000 ","$142,570,000 ",,"$9,418,000,000 ","$4,238,100,000 ","$1,695,240,000 ","$1,130,160,000 ","$94,180,000 ",,"$5,782,000,000 ","$2,428,440,000 ","$1,272,040,000 ","$578,200,000 ","$57,820,000 ",,"$13,546,000,000 ","$5,012,020,000 ","$3,115,580,000 ","$1,354,600,000 ","$162,552,000 ",
Integra LifeSciences,Molecule_130,Immunology,Ulcerative Colitis,"$9,579,000,000 ","$4,406,240,000 ","$2,298,960,000 ","$1,149,480,000 ","$191,580,000 ",,"$6,021,000,000 ","$2,408,400,000 ","$1,264,410,000 ","$662,310,000 ","$108,378,000 ",,"$14,257,000,000 ","$5,845,370,000 ","$2,566,260,000 ","$1,425,700,000 ","$142,570,000 ",,"$9,418,000,000 ","$4,238,100,000 ","$1,695,240,000 ","$1,130,160,000 ","$94,180,000 ",,"$5,782,000,000 ","$2,428,440,000 ","$1,272,040,000 ","$578,200,000 ","$57,820,000 ",,"$13,546,000,000 ","$5,012,020,000 ","$3,115,580,000 ","$1,354,600,000 ","$162,552,000 ",
MediTech Solutions,Molecule_003,Neurology,Alzheimer's Disease,"$9,890,000,000 ","$4,351,600,000 ","$2,274,700,000 ","$1,186,800,000 ","$148,350,000 ",,"$7,411,000,000 ","$2,742,070,000 ","$1,778,640,000 ","$889,320,000 ","$111,165,000 ",,"$10,219,000,000 ","$3,065,700,000 ","$1,839,420,000 ","$1,226,280,000 ","$153,285,000 ",,"$14,484,000,000 ","$6,228,120,000 ","$2,462,280,000 ","$1,738,080,000 ","$173,808,000 ",,"$7,490,000,000 ","$2,546,600,000 ","$1,423,100,000 ","$898,800,000 ","$74,900,000 ",,"$14,948,000,000 ","$6,128,680,000 ","$3,438,040,000 ","$1,494,800,000 ","$149,480,000 ",
MediTech Solutions,Molecule_023,Dermatology,Psoriasis,"$9,890,000,000 ","$4,351,600,000 ","$2,274,700,000 ","$1,186,800,000 ","$98,900,000 ",,"$7,411,000,000 ","$2,742,070,000 ","$1,778,640,000 ","$889,320,000 ","$111,165,000 ",,"$10,219,000,000 ","$3,065,700,000 ","$1,839,420,000 ","$1,226,280,000 ","$153,285,000 ",,"$14,484,000,000 ","$6,228,120,000 ","$2,462,280,000 ","$1,738,080,000 ","$173,808,000 ",,"$7,490,000,000 ","$2,546,600,000 ","$1,423,100,000 ","$898,800,000 ","$74,900,000 ",,"$14,948,000,000 ","$6,128,680,000 ","$3,438,040,000 ","$1,494,800,000 ","$149,480,000 ",
MediTech Solutions,Molecule_043,Oncology,Melanoma,"$9,890,000,000 ","$4,351,600,000 ","$2,274,700,000 ","$1,186,800,000 ","$148,350,000 ",,"$7,411,000,000 ","$2,742,070,000 ","$1,778,640,000 ","$889,320,000 ","$111,165,000 ",,"$10,219,000,000 ","$3,065,700,000 ","$1,839,420,000 ","$1,226,280,000 ","$153,285,000 ",,"$14,484,000,000 ","$6,228,120,000 ","$2,462,280,000 ","$1,738,080,000 ","$173,808,000 ",,"$7,490,000,000 ","$2,546,600,000 ","$1,423,100,000 ","$898,800,000 ","$74,900,000 ",,"$14,948,000,000 ","$6,128,680,000 ","$3,438,040,000 ","$1,494,800,000 ","$149,480,000 ",
MediTech Solutions,Molecule_063,Gastroenterology,Celiac Disease,"$9,890,000,000 ","$4,351,600,000 ","$2,274,700,000 ","$1,186,800,000 ","$98,900,000 ",,"$7,411,000,000 ","$2,742,070,000 ","$1,778,640,000 ","$889,320,000 ","$111,165,000 ",,"$10,219,000,000 ","$3,065,700,000 ","$1,839,420,000 ","$1,226,280,000 ","$153,285,000 ",,"$14,484,000,000 ","$6,228,120,000 ","$2,462,280,000 ","$1,738,080,000 ","$173,808,000 ",,"$7,490,000,000 ","$2,546,600,000 ","$1,423,100,000 ","$898,800,000 ","$74,900,000 ",,"$14,948,000,000 ","$6,128,680,000 ","$3,438,040,000 ","$1,494,800,000 ","$149,480,000 ",
MediTech Solutions,Molecule_083,Nephrology,Polycystic Kidney Disease,"$9,890,000,000 ","$4,351,600,000 ","$2,274,700,000 ","$1,186,800,000 ","$98,900,000 ",,"$7,411,000,000 ","$2,742,070,000 ","$1,778,640,000 ","$889,320,000 ","$111,165,000 ",,"$10,219,000,000 ","$3,065,700,000 ","$1,839,420,000 ","$1,226,280,000 ","$153,285,000 ",,"$14,484,000,000 ","$6,228,120,000 ","$2,462,280,000 ","$1,738,080,000 ","$173,808,000 ",,"$7,490,000,000 ","$2,546,600,000 ","$1,423,100,000 ","$898,800,000 ","$74,900,000 ",,"$14,948,000,000 ","$6,128,680,000 ","$3,438,040,000 ","$1,494,800,000 ","$149,480,000 ",
MediTech Solutions,Molecule_103,Infectious Diseases,Bacterial Infections,"$9,890,000,000 ","$4,351,600,000 ","$2,274,700,000 ","$1,186,800,000 ","$148,350,000 ",,"$7,411,000,000 ","$2,742,070,000 ","$1,778,640,000 ","$889,320,000 ","$111,165,000 ",,"$10,219,000,000 ","$3,065,700,000 ","$1,839,420,000 ","$1,226,280,000 ","$153,285,000 ",,"$14,484,000,000 ","$6,228,120,000 ","$2,462,280,000 ","$1,738,080,000 ","$173,808,000 ",,"$7,490,000,000 ","$2,546,600,000 ","$1,423,100,000 ","$898,800,000 ","$74,900,000 ",,"$14,948,000,000 ","$6,128,680,000 ","$3,438,040,000 ","$1,494,800,000 ","$149,480,000 ",
MediTech Solutions,Molecule_123,Rare Diseases,Lysosomal Storage Disorders,"$9,890,000,000 ","$4,351,600,000 ","$2,274,700,000 ","$1,186,800,000 ","$197,800,000 ",,"$7,411,000,000 ","$2,742,070,000 ","$1,778,640,000 ","$889,320,000 ","$111,165,000 ",,"$10,219,000,000 ","$3,065,700,000 ","$1,839,420,000 ","$1,226,280,000 ","$153,285,000 ",,"$14,484,000,000 ","$6,228,120,000 ","$2,462,280,000 ","$1,738,080,000 ","$173,808,000 ",,"$7,490,000,000 ","$2,546,600,000 ","$1,423,100,000 ","$898,800,000 ","$74,900,000 ",,"$14,948,000,000 ","$6,128,680,000 ","$3,438,040,000 ","$1,494,800,000 ","$149,480,000 ",
Nova Pharma,Molecule_006,Endocrinology,Diabetes Mellitus Type 2,"$9,579,000,000 ","$4,406,240,000 ","$2,298,960,000 ","$1,149,480,000 ","$172,422,000 ",,"$6,021,000,000 ","$2,408,400,000 ","$1,264,410,000 ","$662,310,000 ","$108,378,000 ",,"$14,257,000,000 ","$5,845,370,000 ","$2,566,260,000 ","$1,425,700,000 ","$142,570,000 ",,"$9,418,000,000 ","$4,238,100,000 ","$1,695,240,000 ","$1,130,160,000 ","$94,180,000 ",,"$5,782,000,000 ","$2,428,440,000 ","$1,272,040,000 ","$578,200,000 ","$57,820,000 ",,"$13,546,000,000 ","$5,012,020,000 ","$3,115,580,000 ","$1,354,600,000 ","$162,552,000 ",
Nova Pharma,Molecule_026,Psychiatry,Schizophrenia,"$9,579,000,000 ","$4,406,240,000 ","$2,298,960,000 ","$1,149,480,000 ","$143,685,000 ",,"$6,021,000,000 ","$2,408,400,000 ","$1,264,410,000 ","$662,310,000 ","$108,378,000 ",,"$14,257,000,000 ","$5,845,370,000 ","$2,566,260,000 ","$1,425,700,000 ","$142,570,000 ",,"$9,418,000,000 ","$4,238,100,000 ","$1,695,240,000 ","$1,130,160,000 ","$94,180,000 ",,"$5,782,000,000 ","$2,428,440,000 ","$1,272,040,000 ","$578,200,000 ","$57,820,000 ",,"$13,546,000,000 ","$5,012,020,000 ","$3,115,580,000 ","$1,354,600,000 ","$162,552,000 ",
Nova Pharma,Molecule_046,Immunology,Ulcerative Colitis,"$9,579,000,000 ","$4,406,240,000 ","$2,298,960,000 ","$1,149,480,000 ","$191,580,000 ",,"$6,021,000,000 ","$2,408,400,000 ","$1,264,410,000 ","$662,310,000 ","$108,378,000 ",,"$14,257,000,000 ","$5,845,370,000 ","$2,566,260,000 ","$1,425,700,000 ","$142,570,000 ",,"$9,418,000,000 ","$4,238,100,000 ","$1,695,240,000 ","$1,130,160,000 ","$94,180,000 ",,"$5,782,000,000 ","$2,428,440,000 ","$1,272,040,000 ","$578,200,000 ","$57,820,000 ",,"$13,546,000,000 ","$5,012,020,000 ","$3,115,580,000 ","$1,354,600,000 ","$162,552,000 ",
Nova Pharma,Molecule_066,Pulmonology,Pulmonary Fibrosis,"$9,579,000,000 ","$4,406,240,000 ","$2,298,960,000 ","$1,149,480,000 ","$143,685,000 ",,"$6,021,000,000 ","$2,408,400,000 ","$1,264,410,000 ","$662,310,000 ","$108,378,000 ",,"$14,257,000,000 ","$5,845,370,000 ","$2,566,260,000 ","$1,425,700,000 ","$142,570,000 ",,"$9,418,000,000 ","$4,238,100,000 ","$1,695,240,000 ","$1,130,160,000 ","$94,180,000 ",,"$5,782,000,000 ","$2,428,440,000 ","$1,272,040,000 ","$578,200,000 ","$57,820,000 ",,"$13,546,000,000 ","$5,012,020,000 ","$3,115,580,000 ","$1,354,600,000 ","$162,552,000 ",
Nova Pharma,Molecule_086,Cardiology,Atrial Fibrillation,"$9,579,000,000 ","$4,406,240,000 ","$2,298,960,000 ","$1,149,480,000 ","$191,580,000 ",,"$6,021,000,000 ","$2,408,400,000 ","$1,264,410,000 ","$662,310,000 ","$108,378,000 ",,"$14,257,000,000 ","$5,845,370,000 ","$2,566,260,000 ","$1,425,700,000 ","$142,570,000 ",,"$9,418,000,000 ","$4,238,100,000 ","$1,695,240,000 ","$1,130,160,000 ","$94,180,000 ",,"$5,782,000,000 ","$2,428,440,000 ","$1,272,040,000 ","$578,200,000 ","$57,820,000 ",,"$13,546,000,000 ","$5,012,020,000 ","$3,115,580,000 ","$1,354,600,000 ","$162,552,000 ",
Nova Pharma,Molecule_106,Ophthalmology,Macular Degeneration,"$9,579,000,000 ","$4,406,240,000 ","$2,298,960,000 ","$1,149,480,000 ","$143,685,000 ",,"$6,021,000,000 ","$2,408,400,000 ","$1,264,410,000 ","$662,310,000 ","$108,378,000 ",,"$14,257,000,000 ","$5,845,370,000 ","$2,566,260,000 ","$1,425,700,000 ","$142,570,000 ",,"$9,418,000,000 ","$4,238,100,000 ","$1,695,240,000 ","$1,130,160,000 ","$94,180,000 ",,"$5,782,000,000 ","$2,428,440,000 ","$1,272,040,000 ","$578,200,000 ","$57,820,000 ",,"$13,546,000,000 ","$5,012,020,000 ","$3,115,580,000 ","$1,354,600,000 ","$162,552,000 ",
Nova Pharma,Molecule_126,Rheumatology,Ankylosing Spondylitis,"$9,579,000,000 ","$4,406,240,000 ","$2,298,960,000 ","$1,149,480,000 ","$143,685,000 ",,"$6,021,000,000 ","$2,408,400,000 ","$1,264,410,000 ","$662,310,000 ","$108,378,000 ",,"$14,257,000,000 ","$5,845,370,000 ","$2,566,260,000 ","$1,425,700,000 ","$142,570,000 ",,"$9,418,000,000 ","$4,238,100,000 ","$1,695,240,000 ","$1,130,160,000 ","$94,180,000 ",,"$5,782,000,000 ","$2,428,440,000 ","$1,272,040,000 ","$578,200,000 ","$57,820,000 ",,"$13,546,000,000 ","$5,012,020,000 ","$3,115,580,000 ","$1,354,600,000 ","$162,552,000 ",
Orion Health,Molecule_015,Oncology,Lung Cancer,"$12,790,000,000 ","$5,883,400,000 ","$2,174,300,000 ","$1,662,700,000 ","$153,480,000 ",,"$10,230,000,000 ","$3,069,000,000 ","$2,148,300,000 ","$1,227,600,000 ","$102,300,000 ",,"$12,010,000,000 ","$4,683,900,000 ","$2,402,000,000 ","$1,201,000,000 ","$108,090,000 ",,"$9,419,000,000 ","$3,861,790,000 ","$1,507,040,000 ","$1,036,090,000 ","$94,190,000 ",,"$9,796,000,000 ","$3,330,640,000 ","$1,763,280,000 ","$979,600,000 ","$78,368,000 ",,"$12,729,000,000 ","$5,091,600,000 ","$2,163,930,000 ","$1,782,060,000 ","$127,290,000 ",
Orion Health,Molecule_035,Gastroenterology,Celiac Disease,"$12,790,000,000 ","$5,883,400,000 ","$2,174,300,000 ","$1,662,700,000 ","$191,850,000 ",,"$10,230,000,000 ","$3,069,000,000 ","$2,148,300,000 ","$1,227,600,000 ","$102,300,000 ",,"$12,010,000,000 ","$4,683,900,000 ","$2,402,000,000 ","$1,201,000,000 ","$108,090,000 ",,"$9,419,000,000 ","$3,861,790,000 ","$1,507,040,000 ","$1,036,090,000 ","$94,190,000 ",,"$9,796,000,000 ","$3,330,640,000 ","$1,763,280,000 ","$979,600,000 ","$78,368,000 ",,"$12,729,000,000 ","$5,091,600,000 ","$2,163,930,000 ","$1,782,060,000 ","$127,290,000 ",
Orion Health,Molecule_055,Nephrology,Chronic Kidney Disease,"$12,790,000,000 ","$5,883,400,000 ","$2,174,300,000 ","$1,662,700,000 ","$191,850,000 ",,"$10,230,000,000 ","$3,069,000,000 ","$2,148,300,000 ","$1,227,600,000 ","$102,300,000 ",,"$12,010,000,000 ","$4,683,900,000 ","$2,402,000,000 ","$1,201,000,000 ","$108,090,000 ",,"$9,419,000,000 ","$3,861,790,000 ","$1,507,040,000 ","$1,036,090,000 ","$94,190,000 ",,"$9,796,000,000 ","$3,330,640,000 ","$1,763,280,000 ","$979,600,000 ","$78,368,000 ",,"$12,729,000,000 ","$5,091,600,000 ","$2,163,930,000 ","$1,782,060,000 ","$127,290,000 ",
Orion Health,Molecule_075,Infectious Diseases,Sepsis,"$12,790,000,000 ","$5,883,400,000 ","$2,174,300,000 ","$1,662,700,000 ","$127,900,000 ",,"$10,230,000,000 ","$3,069,000,000 ","$2,148,300,000 ","$1,227,600,000 ","$102,300,000 ",,"$12,010,000,000 ","$4,683,900,000 ","$2,402,000,000 ","$1,201,000,000 ","$108,090,000 ",,"$9,419,000,000 ","$3,861,790,000 ","$1,507,040,000 ","$1,036,090,000 ","$94,190,000 ",,"$9,796,000,000 ","$3,330,640,000 ","$1,763,280,000 ","$979,600,000 ","$78,368,000 ",,"$12,729,000,000 ","$5,091,600,000 ","$2,163,930,000 ","$1,782,060,000 ","$127,290,000 ",
Orion Health,Molecule_095,Rare Diseases,Duchenne Muscular Dystrophy,"$12,790,000,000 ","$5,883,400,000 ","$2,174,300,000 ","$1,662,700,000 ","$127,900,000 ",,"$10,230,000,000 ","$3,069,000,000 ","$2,148,300,000 ","$1,227,600,000 ","$102,300,000 ",,"$12,010,000,000 ","$4,683,900,000 ","$2,402,000,000 ","$1,201,000,000 ","$108,090,000 ",,"$9,419,000,000 ","$3,861,790,000 ","$1,507,040,000 ","$1,036,090,000 ","$94,190,000 ",,"$9,796,000,000 ","$3,330,640,000 ","$1,763,280,000 ","$979,600,000 ","$78,368,000 ",,"$12,729,000,000 ","$5,091,600,000 ","$2,163,930,000 ","$1,782,060,000 ","$127,290,000 ",
Orion Health,Molecule_115,Neurology,Alzheimer's Disease,"$12,790,000,000 ","$5,883,400,000 ","$2,174,300,000 ","$1,662,700,000 ","$127,900,000 ",,"$10,230,000,000 ","$3,069,000,000 ","$2,148,300,000 ","$1,227,600,000 ","$102,300,000 ",,"$12,010,000,000 ","$4,683,900,000 ","$2,402,000,000 ","$1,201,000,000 ","$108,090,000 ",,"$9,419,000,000 ","$3,861,790,000 ","$1,507,040,000 ","$1,036,090,000 ","$94,190,000 ",,"$9,796,000,000 ","$3,330,640,000 ","$1,763,280,000 ","$979,600,000 ","$78,368,000 ",,"$12,729,000,000 ","$5,091,600,000 ","$2,163,930,000 ","$1,782,060,000 ","$127,290,000 ",
PharmaGen Inc.,Molecule_001,Oncology,Breast Cancer,"$12,790,000,000 ","$5,883,400,000 ","$2,174,300,000 ","$1,662,700,000 ","$119,773,000 ",,"$10,230,000,000 ","$3,069,000,000 ","$2,148,300,000 ","$1,227,600,000 ","$102,300,000 ",,"$12,010,000,000 ","$4,683,900,000 ","$2,402,000,000 ","$1,201,000,000 ","$108,090,000 ",,"$9,419,000,000 ","$3,861,790,000 ","$1,507,040,000 ","$1,036,090,000 ","$94,190,000 ",,"$9,796,000,000 ","$3,330,640,000 ","$1,763,280,000 ","$979,600,000 ","$78,368,000 ",,"$12,729,000,000 ","$5,091,600,000 ","$2,163,930,000 ","$1,782,060,000 ","$127,290,000 ",
PharmaGen Inc.,Molecule_021,Gastroenterology,Fatty Liver Disease,"$12,790,000,000 ","$5,883,400,000 ","$2,174,300,000 ","$1,662,700,000 ","$179,060,000 ",,"$10,230,000,000 ","$3,069,000,000 ","$2,148,300,000 ","$1,227,600,000 ","$102,300,000 ",,"$12,010,000,000 ","$4,683,900,000 ","$2,402,000,000 ","$1,201,000,000 ","$108,090,000 ",,"$9,419,000,000 ","$3,861,790,000 ","$1,507,040,000 ","$1,036,090,000 ","$94,190,000 ",,"$9,796,000,000 ","$3,330,640,000 ","$1,763,280,000 ","$979,600,000 ","$78,368,000 ",,"$12,729,000,000 ","$5,091,600,000 ","$2,163,930,000 ","$1,782,060,000 ","$127,290,000 ",
PharmaGen Inc.,Molecule_041,Nephrology,Kidney Stones,"$12,790,000,000 ","$5,883,400,000 ","$2,174,300,000 ","$1,662,700,000 ","$119,773,000 ",,"$10,230,000,000 ","$3,069,000,000 ","$2,148,300,000 ","$1,227,600,000 ","$102,300,000 ",,"$12,010,000,000 ","$4,683,900,000 ","$2,402,000,000 ","$1,201,000,000 ","$108,090,000 ",,"$9,419,000,000 ","$3,861,790,000 ","$1,507,040,000 ","$1,036,090,000 ","$94,190,000 ",,"$9,796,000,000 ","$3,330,640,000 ","$1,763,280,000 ","$979,600,000 ","$78,368,000 ",,"$12,729,000,000 ","$5,091,600,000 ","$2,163,930,000 ","$1,782,060,000 ","$127,290,000 ",
PharmaGen Inc.,Molecule_061,Infectious Diseases,Viral Infections,"$12,790,000,000 ","$5,883,400,000 ","$2,174,300,000 ","$1,662,700,000 ","$119,773,000 ",,"$10,230,000,000 ","$3,069,000,000 ","$2,148,300,000 ","$1,227,600,000 ","$102,300,000 ",,"$12,010,000,000 ","$4,683,900,000 ","$2,402,000,000 ","$1,201,000,000 ","$108,090,000 ",,"$9,419,000,000 ","$3,861,790,000 ","$1,507,040,000 ","$1,036,090,000 ","$94,190,000 ",,"$9,796,000,000 ","$3,330,640,000 ","$1,763,280,000 ","$979,600,000 ","$78,368,000 ",,"$12,729,000,000 ","$5,091,600,000 ","$2,163,930,000 ","$1,782,060,000 ","$127,290,000 ",
PharmaGen Inc.,Molecule_081,Rare Diseases,Spinal Muscular Atrophy,"$12,790,000,000 ","$5,883,400,000 ","$2,174,300,000 ","$1,662,700,000 ","$127,900,000 ",,"$10,230,000,000 ","$3,069,000,000 ","$2,148,300,000 ","$1,227,600,000 ","$102,300,000 ",,"$12,010,000,000 ","$4,683,900,000 ","$2,402,000,000 ","$1,201,000,000 ","$108,090,000 ",,"$9,419,000,000 ","$3,861,790,000 ","$1,507,040,000 ","$1,036,090,000 ","$94,190,000 ",,"$9,796,000,000 ","$3,330,640,000 ","$1,763,280,000 ","$979,600,000 ","$78,368,000 ",,"$12,729,000,000 ","$5,091,600,000 ","$2,163,930,000 ","$1,782,060,000 ","$127,290,000 ",
PharmaGen Inc.,Molecule_101,Neurology,Multiple Sclerosis,"$12,790,000,000 ","$5,883,400,000 ","$2,174,300,000 ","$1,662,700,000 ","$191,850,000 ",,"$10,230,000,000 ","$3,069,000,000 ","$2,148,300,000 ","$1,227,600,000 ","$102,300,000 ",,"$12,010,000,000 ","$4,683,900,000 ","$2,402,000,000 ","$1,201,000,000 ","$108,090,000 ",,"$9,419,000,000 ","$3,861,790,000 ","$1,507,040,000 ","$1,036,090,000 ","$94,190,000 ",,"$9,796,000,000 ","$3,330,640,000 ","$1,763,280,000 ","$979,600,000 ","$78,368,000 ",,"$12,729,000,000 ","$5,091,600,000 ","$2,163,930,000 ","$1,782,060,000 ","$127,290,000 ",
PharmaGen Inc.,Molecule_121,Dermatology,Acne,"$12,790,000,000 ","$5,883,400,000 ","$2,174,300,000 ","$1,662,700,000 ","$127,900,000 ",,"$10,230,000,000 ","$3,069,000,000 ","$2,148,300,000 ","$1,227,600,000 ","$102,300,000 ",,"$12,010,000,000 ","$4,683,900,000 ","$2,402,000,000 ","$1,201,000,000 ","$108,090,000 ",,"$9,419,000,000 ","$3,861,790,000 ","$1,507,040,000 ","$1,036,090,000 ","$94,190,000 ",,"$9,796,000,000 ","$3,330,640,000 ","$1,763,280,000 ","$979,600,000 ","$78,368,000 ",,"$12,729,000,000 ","$5,091,600,000 ","$2,163,930,000 ","$1,782,060,000 ","$127,290,000 ",
Pinnacle Pharmaceuticals,Molecule_014,Rheumatology,Gout,"$9,579,000,000 ","$4,406,240,000 ","$2,298,960,000 ","$1,149,480,000 ","$95,790,000 ",,"$6,021,000,000 ","$2,408,400,000 ","$1,264,410,000 ","$662,310,000 ","$108,378,000 ",,"$14,257,000,000 ","$5,845,370,000 ","$2,566,260,000 ","$1,425,700,000 ","$142,570,000 ",,"$9,418,000,000 ","$4,238,100,000 ","$1,695,240,000 ","$1,130,160,000 ","$94,180,000 ",,"$5,782,000,000 ","$2,428,440,000 ","$1,272,040,000 ","$578,200,000 ","$57,820,000 ",,"$13,546,000,000 ","$5,012,020,000 ","$3,115,580,000 ","$1,354,600,000 ","$162,552,000 ",
Pinnacle Pharmaceuticals,Molecule_034,Endocrinology,Hypothyroidism,"$9,579,000,000 ","$4,406,240,000 ","$2,298,960,000 ","$1,149,480,000 ","$143,685,000 ",,"$6,021,000,000 ","$2,408,400,000 ","$1,264,410,000 ","$662,310,000 ","$108,378,000 ",,"$14,257,000,000 ","$5,845,370,000 ","$2,566,260,000 ","$1,425,700,000 ","$142,570,000 ",,"$9,418,000,000 ","$4,238,100,000 ","$1,695,240,000 ","$1,130,160,000 ","$94,180,000 ",,"$5,782,000,000 ","$2,428,440,000 ","$1,272,040,000 ","$578,200,000 ","$57,820,000 ",,"$13,546,000,000 ","$5,012,020,000 ","$3,115,580,000 ","$1,354,600,000 ","$162,552,000 ",
Pinnacle Pharmaceuticals,Molecule_054,Psychiatry,Major Depressive Disorder,"$9,579,000,000 ","$4,406,240,000 ","$2,298,960,000 ","$1,149,480,000 ","$143,685,000 ",,"$6,021,000,000 ","$2,408,400,000 ","$1,264,410,000 ","$662,310,000 ","$108,378,000 ",,"$14,257,000,000 ","$5,845,370,000 ","$2,566,260,000 ","$1,425,700,000 ","$142,570,000 ",,"$9,418,000,000 ","$4,238,100,000 ","$1,695,240,000 ","$1,130,160,000 ","$94,180,000 ",,"$5,782,000,000 ","$2,428,440,000 ","$1,272,040,000 ","$578,200,000 ","$57,820,000 ",,"$13,546,000,000 ","$5,012,020,000 ","$3,115,580,000 ","$1,354,600,000 ","$162,552,000 ",
Pinnacle Pharmaceuticals,Molecule_074,Immunology,Psoriasis,"$9,579,000,000 ","$4,406,240,000 ","$2,298,960,000 ","$1,149,480,000 ","$191,580,000 ",,"$6,021,000,000 ","$2,408,400,000 ","$1,264,410,000 ","$662,310,000 ","$108,378,000 ",,"$14,257,000,000 ","$5,845,370,000 ","$2,566,260,000 ","$1,425,700,000 ","$142,570,000 ",,"$9,418,000,000 ","$4,238,100,000 ","$1,695,240,000 ","$1,130,160,000 ","$94,180,000 ",,"$5,782,000,000 ","$2,428,440,000 ","$1,272,040,000 ","$578,200,000 ","$57,820,000 ",,"$13,546,000,000 ","$5,012,020,000 ","$3,115,580,000 ","$1,354,600,000 ","$162,552,000 ",
Pinnacle Pharmaceuticals,Molecule_094,Pulmonology,Cystic Fibrosis,"$9,579,000,000 ","$4,406,240,000 ","$2,298,960,000 ","$1,149,480,000 ","$95,790,000 ",,"$6,021,000,000 ","$2,408,400,000 ","$1,264,410,000 ","$662,310,000 ","$108,378,000 ",,"$14,257,000,000 ","$5,845,370,000 ","$2,566,260,000 ","$1,425,700,000 ","$142,570,000 ",,"$9,418,000,000 ","$4,238,100,000 ","$1,695,240,000 ","$1,130,160,000 ","$94,180,000 ",,"$5,782,000,000 ","$2,428,440,000 ","$1,272,040,000 ","$578,200,000 ","$57,820,000 ",,"$13,546,000,000 ","$5,012,020,000 ","$3,115,580,000 ","$1,354,600,000 ","$162,552,000 ",
Pinnacle Pharmaceuticals,Molecule_114,Cardiology,Hypertension,"$9,579,000,000 ","$4,406,240,000 ","$2,298,960,000 ","$1,149,480,000 ","$191,580,000 ",,"$6,021,000,000 ","$2,408,400,000 ","$1,264,410,000 ","$662,310,000 ","$108,378,000 ",,"$14,257,000,000 ","$5,845,370,000 ","$2,566,260,000 ","$1,425,700,000 ","$142,570,000 ",,"$9,418,000,000 ","$4,238,100,000 ","$1,695,240,000 ","$1,130,160,000 ","$94,180,000 ",,"$5,782,000,000 ","$2,428,440,000 ","$1,272,040,000 ","$578,200,000 ","$57,820,000 ",,"$13,546,000,000 ","$5,012,020,000 ","$3,115,580,000 ","$1,354,600,000 ","$162,552,000 ",
Pinnacle Pharmaceuticals,Molecule_134,Ophthalmology,Diabetic Retinopathy,"$9,579,000,000 ","$4,406,240,000 ","$2,298,960,000 ","$1,149,480,000 ","$191,580,000 ",,"$6,021,000,000 ","$2,408,400,000 ","$1,264,410,000 ","$662,310,000 ","$108,378,000 ",,"$14,257,000,000 ","$5,845,370,000 ","$2,566,260,000 ","$1,425,700,000 ","$142,570,000 ",,"$9,418,000,000 ","$4,238,100,000 ","$1,695,240,000 ","$1,130,160,000 ","$94,180,000 ",,"$5,782,000,000 ","$2,428,440,000 ","$1,272,040,000 ","$578,200,000 ","$57,820,000 ",,"$13,546,000,000 ","$5,012,020,000 ","$3,115,580,000 ","$1,354,600,000 ","$162,552,000 ",
Prime Health Solutions,Molecule_008,Ophthalmology,Macular Degeneration,"$5,081,000,000 ","$2,032,400,000 ","$1,067,010,000 ","$609,720,000 ","$40,648,000 ",,"$9,418,000,000 ","$3,673,020,000 ","$1,601,060,000 ","$1,130,160,000 ","$141,270,000 ",,"$5,782,000,000 ","$2,312,800,000 ","$1,156,400,000 ","$693,840,000 ","$57,820,000 ",,"$13,546,000,000 ","$5,012,020,000 ","$2,709,200,000 ","$1,354,600,000 ","$203,190,000 ",,"$8,460,000,000 ","$3,722,400,000 ","$1,692,000,000 ","$846,000,000 ","$126,900,000 ",,"$7,508,000,000 ","$2,778,000,000 ","$1,651,760,000 ","$900,960,000 ","$75,080,000 ",
Prime Health Solutions,Molecule_028,Rheumatology,Ankylosing Spondylitis,"$5,081,000,000 ","$2,032,400,000 ","$1,067,010,000 ","$609,720,000 ","$71,134,000 ",,"$9,418,000,000 ","$3,673,020,000 ","$1,601,060,000 ","$1,130,160,000 ","$141,270,000 ",,"$5,782,000,000 ","$2,312,800,000 ","$1,156,400,000 ","$693,840,000 ","$57,820,000 ",,"$13,546,000,000 ","$5,012,020,000 ","$2,709,200,000 ","$1,354,600,000 ","$203,190,000 ",,"$8,460,000,000 ","$3,722,400,000 ","$1,692,000,000 ","$846,000,000 ","$126,900,000 ",,"$7,508,000,000 ","$2,778,000,000 ","$1,651,760,000 ","$900,960,000 ","$75,080,000 ",
Prime Health Solutions,Molecule_048,Endocrinology,Osteoporosis,"$5,081,000,000 ","$2,032,400,000 ","$1,067,010,000 ","$609,720,000 ","$50,810,000 ",,"$9,418,000,000 ","$3,673,020,000 ","$1,601,060,000 ","$1,130,160,000 ","$141,270,000 ",,"$5,782,000,000 ","$2,312,800,000 ","$1,156,400,000 ","$693,840,000 ","$57,820,000 ",,"$13,546,000,000 ","$5,012,020,000 ","$2,709,200,000 ","$1,354,600,000 ","$203,190,000 ",,"$8,460,000,000 ","$3,722,400,000 ","$1,692,000,000 ","$846,000,000 ","$126,900,000 ",,"$7,508,000,000 ","$2,778,000,000 ","$1,651,760,000 ","$900,960,000 ","$75,080,000 ",
Prime Health Solutions,Molecule_068,Psychiatry,Anxiety Disorder,"$5,081,000,000 ","$2,032,400,000 ","$1,067,010,000 ","$609,720,000 ","$50,810,000 ",,"$9,418,000,000 ","$3,673,020,000 ","$1,601,060,000 ","$1,130,160,000 ","$141,270,000 ",,"$5,782,000,000 ","$2,312,800,000 ","$1,156,400,000 ","$693,840,000 ","$57,820,000 ",,"$13,546,000,000 ","$5,012,020,000 ","$2,709,200,000 ","$1,354,600,000 ","$203,190,000 ",,"$8,460,000,000 ","$3,722,400,000 ","$1,692,000,000 ","$846,000,000 ","$126,900,000 ",,"$7,508,000,000 ","$2,778,000,000 ","$1,651,760,000 ","$900,960,000 ","$75,080,000 ",
Prime Health Solutions,Molecule_088,Immunology,Ulcerative Colitis,"$5,081,000,000 ","$2,032,400,000 ","$1,067,010,000 ","$609,720,000 ","$50,810,000 ",,"$9,418,000,000 ","$3,673,020,000 ","$1,601,060,000 ","$1,130,160,000 ","$141,270,000 ",,"$5,782,000,000 ","$2,312,800,000 ","$1,156,400,000 ","$693,840,000 ","$57,820,000 ",,"$13,546,000,000 ","$5,012,020,000 ","$2,709,200,000 ","$1,354,600,000 ","$203,190,000 ",,"$8,460,000,000 ","$3,722,400,000 ","$1,692,000,000 ","$846,000,000 ","$126,900,000 ",,"$7,508,000,000 ","$2,778,000,000 ","$1,651,760,000 ","$900,960,000 ","$75,080,000 ",
Prime Health Solutions,Molecule_108,Pulmonology,Asthma,"$5,081,000,000 ","$2,032,400,000 ","$1,067,010,000 ","$609,720,000 ","$40,648,000 ",,"$9,418,000,000 ","$3,673,020,000 ","$1,601,060,000 ","$1,130,160,000 ","$141,270,000 ",,"$5,782,000,000 ","$2,312,800,000 ","$1,156,400,000 ","$693,840,000 ","$57,820,000 ",,"$13,546,000,000 ","$5,012,020,000 ","$2,709,200,000 ","$1,354,600,000 ","$203,190,000 ",,"$8,460,000,000 ","$3,722,400,000 ","$1,692,000,000 ","$846,000,000 ","$126,900,000 ",,"$7,508,000,000 ","$2,778,000,000 ","$1,651,760,000 ","$900,960,000 ","$75,080,000 ",
Prime Health Solutions,Molecule_128,Cardiology,Atrial Fibrillation,"$5,081,000,000 ","$2,032,400,000 ","$1,067,010,000 ","$609,720,000 ","$50,810,000 ",,"$9,418,000,000 ","$3,673,020,000 ","$1,601,060,000 ","$1,130,160,000 ","$141,270,000 ",,"$5,782,000,000 ","$2,312,800,000 ","$1,156,400,000 ","$693,840,000 ","$57,820,000 ",,"$13,546,000,000 ","$5,012,020,000 ","$2,709,200,000 ","$1,354,600,000 ","$203,190,000 ",,"$8,460,000,000 ","$3,722,400,000 ","$1,692,000,000 ","$846,000,000 ","$126,900,000 ",,"$7,508,000,000 ","$2,778,000,000 ","$1,651,760,000 ","$900,960,000 ","$75,080,000 ",
Quantum Life,Molecule_017,Neurology,Parkinson's Disease,"$9,890,000,000 ","$4,351,600,000 ","$2,274,700,000 ","$1,186,800,000 ","$197,800,000 ",,"$7,411,000,000 ","$2,742,070,000 ","$1,778,640,000 ","$889,320,000 ","$111,165,000 ",,"$10,219,000,000 ","$3,065,700,000 ","$1,839,420,000 ","$1,226,280,000 ","$153,285,000 ",,"$14,484,000,000 ","$6,228,120,000 ","$2,462,280,000 ","$1,738,080,000 ","$173,808,000 ",,"$7,490,000,000 ","$2,546,600,000 ","$1,423,100,000 ","$898,800,000 ","$74,900,000 ",,"$14,948,000,000 ","$6,128,680,000 ","$3,438,040,000 ","$1,494,800,000 ","$149,480,000 ",
Quantum Life,Molecule_037,Dermatology,Acne,"$9,890,000,000 ","$4,351,600,000 ","$2,274,700,000 ","$1,186,800,000 ","$197,800,000 ",,"$7,411,000,000 ","$2,742,070,000 ","$1,778,640,000 ","$889,320,000 ","$111,165,000 ",,"$10,219,000,000 ","$3,065,700,000 ","$1,839,420,000 ","$1,226,280,000 ","$153,285,000 ",,"$14,484,000,000 ","$6,228,120,000 ","$2,462,280,000 ","$1,738,080,000 ","$173,808,000 ",,"$7,490,000,000 ","$2,546,600,000 ","$1,423,100,000 ","$898,800,000 ","$74,900,000 ",,"$14,948,000,000 ","$6,128,680,000 ","$3,438,040,000 ","$1,494,800,000 ","$149,480,000 ",
Quantum Life,Molecule_057,Oncology,Prostate Cancer,"$9,890,000,000 ","$4,351,600,000 ","$2,274,700,000 ","$1,186,800,000 ","$98,900,000 ",,"$7,411,000,000 ","$2,742,070,000 ","$1,778,640,000 ","$889,320,000 ","$111,165,000 ",,"$10,219,000,000 ","$3,065,700,000 ","$1,839,420,000 ","$1,226,280,000 ","$153,285,000 ",,"$14,484,000,000 ","$6,228,120,000 ","$2,462,280,000 ","$1,738,080,000 ","$173,808,000 ",,"$7,490,000,000 ","$2,546,600,000 ","$1,423,100,000 ","$898,800,000 ","$74,900,000 ",,"$14,948,000,000 ","$6,128,680,000 ","$3,438,040,000 ","$1,494,800,000 ","$149,480,000 ",
Quantum Life,Molecule_077,Gastroenterology,Fatty Liver Disease,"$9,890,000,000 ","$4,351,600,000 ","$2,274,700,000 ","$1,186,800,000 ","$197,800,000 ",,"$7,411,000,000 ","$2,742,070,000 ","$1,778,640,000 ","$889,320,000 ","$111,165,000 ",,"$10,219,000,000 ","$3,065,700,000 ","$1,839,420,000 ","$1,226,280,000 ","$153,285,000 ",,"$14,484,000,000 ","$6,228,120,000 ","$2,462,280,000 ","$1,738,080,000 ","$173,808,000 ",,"$7,490,000,000 ","$2,546,600,000 ","$1,423,100,000 ","$898,800,000 ","$74,900,000 ",,"$14,948,000,000 ","$6,128,680,000 ","$3,438,040,000 ","$1,494,800,000 ","$149,480,000 ",
Quantum Life,Molecule_097,Nephrology,Kidney Stones,"$9,890,000,000 ","$4,351,600,000 ","$2,274,700,000 ","$1,186,800,000 ","$148,350,000 ",,"$7,411,000,000 ","$2,742,070,000 ","$1,778,640,000 ","$889,320,000 ","$111,165,000 ",,"$10,219,000,000 ","$3,065,700,000 ","$1,839,420,000 ","$1,226,280,000 ","$153,285,000 ",,"$14,484,000,000 ","$6,228,120,000 ","$2,462,280,000 ","$1,738,080,000 ","$173,808,000 ",,"$7,490,000,000 ","$2,546,600,000 ","$1,423,100,000 ","$898,800,000 ","$74,900,000 ",,"$14,948,000,000 ","$6,128,680,000 ","$3,438,040,000 ","$1,494,800,000 ","$149,480,000 ",
Quantum Life,Molecule_117,Infectious Diseases,Viral Infections,"$9,890,000,000 ","$4,351,600,000 ","$2,274,700,000 ","$1,186,800,000 ","$197,800,000 ",,"$7,411,000,000 ","$2,742,070,000 ","$1,778,640,000 ","$889,320,000 ","$111,165,000 ",,"$10,219,000,000 ","$3,065,700,000 ","$1,839,420,000 ","$1,226,280,000 ","$153,285,000 ",,"$14,484,000,000 ","$6,228,120,000 ","$2,462,280,000 ","$1,738,080,000 ","$173,808,000 ",,"$7,490,000,000 ","$2,546,600,000 ","$1,423,100,000 ","$898,800,000 ","$74,900,000 ",,"$14,948,000,000 ","$6,128,680,000 ","$3,438,040,000 ","$1,494,800,000 ","$149,480,000 ",
Synergy Meds,Molecule_011,Rare Diseases,Huntington's Disease,"$4,334,000,000 ","$1,733,600,000 ","$953,480,000 ","$433,400,000 ","$65,010,000 ",,"$14,561,000,000 ","$5,678,790,000 ","$2,475,370,000 ","$1,456,100,000 ","$291,220,000 ",,"$9,634,000,000 ","$3,949,940,000 ","$1,734,120,000 ","$1,156,080,000 ","$144,510,000 ",,"$10,219,000,000 ","$4,598,550,000 ","$2,248,180,000 ","$1,021,900,000 ","$153,285,000 ",,"$7,508,000,000 ","$3,378,600,000 ","$1,651,760,000 ","$750,800,000 ","$112,620,000 ",,"$5,081,000,000 ","$2,032,400,000 ","$1,067,010,000 ","$609,720,000 ","$76,215,000 ",
Synergy Meds,Molecule_031,Neurology,Multiple Sclerosis,"$4,334,000,000 ","$1,733,600,000 ","$953,480,000 ","$433,400,000 ","$25,405,000 ",,"$14,561,000,000 ","$5,678,790,000 ","$2,475,370,000 ","$1,456,100,000 ","$291,220,000 ",,"$9,634,000,000 ","$3,949,940,000 ","$1,734,120,000 ","$1,156,080,000 ","$144,510,000 ",,"$10,219,000,000 ","$4,598,550,000 ","$2,248,180,000 ","$1,021,900,000 ","$153,285,000 ",,"$7,508,000,000 ","$3,378,600,000 ","$1,651,760,000 ","$750,800,000 ","$112,620,000 ",,"$5,081,000,000 ","$2,032,400,000 ","$1,067,010,000 ","$609,720,000 ","$76,215,000 ",
Synergy Meds,Molecule_051,Dermatology,Eczema,"$4,334,000,000 ","$1,733,600,000 ","$953,480,000 ","$433,400,000 ","$30,338,000 ",,"$14,561,000,000 ","$5,678,790,000 ","$2,475,370,000 ","$1,456,100,000 ","$291,220,000 ",,"$9,634,000,000 ","$3,949,940,000 ","$1,734,120,000 ","$1,156,080,000 ","$144,510,000 ",,"$10,219,000,000 ","$4,598,550,000 ","$2,248,180,000 ","$1,021,900,000 ","$153,285,000 ",,"$7,508,000,000 ","$3,378,600,000 ","$1,651,760,000 ","$750,800,000 ","$112,620,000 ",,"$5,081,000,000 ","$2,032,400,000 ","$1,067,010,000 ","$609,720,000 ","$76,215,000 ",
Synergy Meds,Molecule_071,Oncology,Breast Cancer,"$4,334,000,000 ","$1,733,600,000 ","$953,480,000 ","$433,400,000 ","$65,010,000 ",,"$14,561,000,000 ","$5,678,790,000 ","$2,475,370,000 ","$1,456,100,000 ","$291,220,000 ",,"$9,634,000,000 ","$3,949,940,000 ","$1,734,120,000 ","$1,156,080,000 ","$144,510,000 ",,"$10,219,000,000 ","$4,598,550,000 ","$2,248,180,000 ","$1,021,900,000 ","$153,285,000 ",,"$7,508,000,000 ","$3,378,600,000 ","$1,651,760,000 ","$750,800,000 ","$112,620,000 ",,"$5,081,000,000 ","$2,032,400,000 ","$1,067,010,000 ","$609,720,000 ","$76,215,000 ",
Synergy Meds,Molecule_091,Gastroenterology,Fatty Liver Disease,"$4,334,000,000 ","$1,733,600,000 ","$953,480,000 ","$433,400,000 ","$30,338,000 ",,"$14,561,000,000 ","$5,678,790,000 ","$2,475,370,000 ","$1,456,100,000 ","$291,220,000 ",,"$9,634,000,000 ","$3,949,940,000 ","$1,734,120,000 ","$1,156,080,000 ","$144,510,000 ",,"$10,219,000,000 ","$4,598,550,000 ","$2,248,180,000 ","$1,021,900,000 ","$153,285,000 ",,"$7,508,000,000 ","$3,378,600,000 ","$1,651,760,000 ","$750,800,000 ","$112,620,000 ",,"$5,081,000,000 ","$2,032,400,000 ","$1,067,010,000 ","$609,720,000 ","$76,215,000 ",
Synergy Meds,Molecule_111,Nephrology,Chronic Kidney Disease,"$4,334,000,000 ","$1,733,600,000 ","$953,480,000 ","$433,400,000 ","$65,010,000 ",,"$14,561,000,000 ","$5,678,790,000 ","$2,475,370,000 ","$1,456,100,000 ","$291,220,000 ",,"$9,634,000,000 ","$3,949,940,000 ","$1,734,120,000 ","$1,156,080,000 ","$144,510,000 ",,"$10,219,000,000 ","$4,598,550,000 ","$2,248,180,000 ","$1,021,900,000 ","$153,285,000 ",,"$7,508,000,000 ","$3,378,600,000 ","$1,651,760,000 ","$750,800,000 ","$112,620,000 ",,"$5,081,000,000 ","$2,032,400,000 ","$1,067,010,000 ","$609,720,000 ","$76,215,000 ",
Synergy Meds,Molecule_131,Infectious Diseases,Sepsis,"$4,334,000,000 ","$1,733,600,000 ","$953,480,000 ","$433,400,000 ","$30,338,000 ",,"$14,561,000,000 ","$5,678,790,000 ","$2,475,370,000 ","$1,456,100,000 ","$291,220,000 ",,"$9,634,000,000 ","$3,949,940,000 ","$1,734,120,000 ","$1,156,080,000 ","$144,510,000 ",,"$10,219,000,000 ","$4,598,550,000 ","$2,248,180,000 ","$1,021,900,000 ","$153,285,000 ",,"$7,508,000,000 ","$3,378,600,000 ","$1,651,760,000 ","$750,800,000 ","$112,620,000 ",,"$5,081,000,000 ","$2,032,400,000 ","$1,067,010,000 ","$609,720,000 ","$76,215,000 ",
Veridian Pharma,Molecule_018,Immunology,Crohn's Disease,"$5,081,000,000 ","$2,184,830,000 ","$1,067,010,000 ","$609,720,000 ","$45,729,000 ",,"$10,638,000,000 ","$3,723,300,000 ","$2,233,980,000 ","$1,489,320,000 ","$212,760,000 ",,"$10,753,000,000 ","$4,516,260,000 ","$2,473,200,000 ","$1,290,360,000 ","$161,295,000 ",,"$5,232,000,000 ","$2,197,440,000 ","$1,255,680,000 ","$627,840,000 ","$78,480,000 ",,"$10,131,000,000 ","$4,356,860,000 ","$1,823,580,000 ","$1,215,720,000 ","$121,572,000 ",,"$6,753,000,000 ","$2,768,730,000 ","$1,350,600,000 ","$810,360,000 ","$101,295,000 ",
Veridian Pharma,Molecule_038,Pulmonology,Cystic Fibrosis,"$5,081,000,000 ","$2,184,830,000 ","$1,067,010,000 ","$609,720,000 ","$45,729,000 ",,"$10,638,000,000 ","$3,723,300,000 ","$2,233,980,000 ","$1,489,320,000 ","$212,760,000 ",,"$10,753,000,000 ","$4,516,260,000 ","$2,473,200,000 ","$1,290,360,000 ","$161,295,000 ",,"$5,232,000,000 ","$2,197,440,000 ","$1,255,680,000 ","$627,840,000 ","$78,480,000 ",,"$10,131,000,000 ","$4,356,860,000 ","$1,823,580,000 ","$1,215,720,000 ","$121,572,000 ",,"$6,753,000,000 ","$2,768,730,000 ","$1,350,600,000 ","$810,360,000 ","$101,295,000 ",
Veridian Pharma,Molecule_058,Cardiology,Hypertension,"$5,081,000,000 ","$2,184,830,000 ","$1,067,010,000 ","$609,720,000 ","$25,405,000 ",,"$10,638,000,000 ","$3,723,300,000 ","$2,233,980,000 ","$1,489,320,000 ","$212,760,000 ",,"$10,753,000,000 ","$4,516,260,000 ","$2,473,200,000 ","$1,290,360,000 ","$161,295,000 ",,"$5,232,000,000 ","$2,197,440,000 ","$1,255,680,000 ","$627,840,000 ","$78,480,000 ",,"$10,131,000,000 ","$4,356,860,000 ","$1,823,580,000 ","$1,215,720,000 ","$121,572,000 ",,"$6,753,000,000 ","$2,768,730,000 ","$1,350,600,000 ","$810,360,000 ","$101,295,000 ",
Veridian Pharma,Molecule_078,Ophthalmology,Glaucoma,"$5,081,000,000 ","$2,184,830,000 ","$1,067,010,000 ","$609,720,000 ","$45,729,000 ",,"$10,638,000,000 ","$3,723,300,000 ","$2,233,980,000 ","$1,489,320,000 ","$212,760,000 ",,"$10,753,000,000 ","$4,516,260,000 ","$2,473,200,000 ","$1,290,360,000 ","$161,295,000 ",,"$5,232,000,000 ","$2,197,440,000 ","$1,255,680,000 ","$627,840,000 ","$78,480,000 ",,"$10,131,000,000 ","$4,356,860,000 ","$1,823,580,000 ","$1,215,720,000 ","$121,572,000 ",,"$6,753,000,000 ","$2,768,730,000 ","$1,350,600,000 ","$810,360,000 ","$101,295,000 ",
Veridian Pharma,Molecule_098,Rheumatology,Fibromyalgia,"$5,081,000,000 ","$2,184,830,000 ","$1,067,010,000 ","$609,720,000 ","$45,729,000 ",,"$10,638,000,000 ","$3,723,300,000 ","$2,233,980,000 ","$1,489,320,000 ","$212,760,000 ",,"$10,753,000,000 ","$4,516,260,000 ","$2,473,200,000 ","$1,290,360,000 ","$161,295,000 ",,"$5,232,000,000 ","$2,197,440,000 ","$1,255,680,000 ","$627,840,000 ","$78,480,000 ",,"$10,131,000,000 ","$4,356,860,000 ","$1,823,580,000 ","$1,215,720,000 ","$121,572,000 ",,"$6,753,000,000 ","$2,768,730,000 ","$1,350,600,000 ","$810,360,000 ","$101,295,000 ",
Veridian Pharma,Molecule_118,Endocrinology,Hypothyroidism,"$5,081,000,000 ","$2,184,830,000 ","$1,067,010,000 ","$609,720,000 ","$45,729,000 ",,"$10,638,000,000 ","$3,723,300,000 ","$2,233,980,000 ","$1,489,320,000 ","$212,760,000 ",,"$10,753,000,000 ","$4,516,260,000 ","$2,473,200,000 ","$1,290,360,000 ","$161,295,000 ",,"$5,232,000,000 ","$2,197,440,000 ","$1,255,680,000 ","$627,840,000 ","$78,480,000 ",,"$10,131,000,000 ","$4,356,860,000 ","$1,823,580,000 ","$1,215,720,000 ","$121,572,000 ",,"$6,753,000,000 ","$2,768,730,000 ","$1,350,600,000 ","$810,360,000 ","$101,295,000 ",
Zenith Bio,Molecule_007,Gastroenterology,Irritable Bowel Syndrome,"$4,334,000,000 ","$1,733,600,000 ","$953,480,000 ","$433,400,000 ","$30,338,000 ",,"$14,561,000,000 ","$5,678,790,000 ","$2,475,370,000 ","$1,456,100,000 ","$291,220,000 ",,"$9,634,000,000 ","$3,949,940,000 ","$1,734,120,000 ","$1,156,080,000 ","$144,510,000 ",,"$10,219,000,000 ","$4,598,550,000 ","$2,248,180,000 ","$1,021,900,000 ","$153,285,000 ",,"$7,508,000,000 ","$3,378,600,000 ","$1,651,760,000 ","$750,800,000 ","$112,620,000 ",,"$5,081,000,000 ","$2,032,400,000 ","$1,067,010,000 ","$609,720,000 ","$76,215,000 ",
Zenith Bio,Molecule_027,Nephrology,Polycystic Kidney Disease,"$4,334,000,000 ","$1,733,600,000 ","$953,480,000 ","$433,400,000 ","$65,010,000 ",,"$14,561,000,000 ","$5,678,790,000 ","$2,475,370,000 ","$1,456,100,000 ","$291,220,000 ",,"$9,634,000,000 ","$3,949,940,000 ","$1,734,120,000 ","$1,156,080,000 ","$144,510,000 ",,"$10,219,000,000 ","$4,598,550,000 ","$2,248,180,000 ","$1,021,900,000 ","$153,285,000 ",,"$7,508,000,000 ","$3,378,600,000 ","$1,651,760,000 ","$750,800,000 ","$112,620,000 ",,"$5,081,000,000 ","$2,032,400,000 ","$1,067,010,000 ","$609,720,000 ","$76,215,000 ",
Zenith Bio,Molecule_047,Infectious Diseases,Bacterial Infections,"$4,334,000,000 ","$1,733,600,000 ","$953,480,000 ","$433,400,000 ","$43,340,000 ",,"$14,561,000,000 ","$5,678,790,000 ","$2,475,370,000 ","$1,456,100,000 ","$291,220,000 ",,"$9,634,000,000 ","$3,949,940,000 ","$1,734,120,000 ","$1,156,080,000 ","$144,510,000 ",,"$10,219,000,000 ","$4,598,550,000 ","$2,248,180,000 ","$1,021,900,000 ","$153,285,000 ",,"$7,508,000,000 ","$3,378,600,000 ","$1,651,760,000 ","$750,800,000 ","$112,620,000 ",,"$5,081,000,000 ","$2,032,400,000 ","$1,067,010,000 ","$609,720,000 ","$76,215,000 ",
Zenith Bio,Molecule_067,Rare Diseases,Duchenne Muscular Dystrophy,"$4,334,000,000 ","$1,733,600,000 ","$953,480,000 ","$433,400,000 ","$65,010,000 ",,"$14,561,000,000 ","$5,678,790,000 ","$2,475,370,000 ","$1,456,100,000 ","$291,220,000 ",,"$9,634,000,000 ","$3,949,940,000 ","$1,734,120,000 ","$1,156,080,000 ","$144,510,000 ",,"$10,219,000,000 ","$4,598,550,000 ","$2,248,180,000 ","$1,021,900,000 ","$153,285,000 ",,"$7,508,000,000 ","$3,378,600,000 ","$1,651,760,000 ","$750,800,000 ","$112,620,000 ",,"$5,081,000,000 ","$2,032,400,000 ","$1,067,010,000 ","$609,720,000 ","$76,215,000 ",
Zenith Bio,Molecule_087,Neurology,Migraine,"$4,334,000,000 ","$1,733,600,000 ","$953,480,000 ","$433,400,000 ","$43,340,000 ",,"$14,561,000,000 ","$5,678,790,000 ","$2,475,370,000 ","$1,456,100,000 ","$291,220,000 ",,"$9,634,000,000 ","$3,949,940,000 ","$1,734,120,000 ","$1,156,080,000 ","$144,510,000 ",,"$10,219,000,000 ","$4,598,550,000 ","$2,248,180,000 ","$1,021,900,000 ","$153,285,000 ",,"$7,508,000,000 ","$3,378,600,000 ","$1,651,760,000 ","$750,800,000 ","$112,620,000 ",,"$5,081,000,000 ","$2,032,400,000 ","$1,067,010,000 ","$609,720,000 ","$76,215,000 ",
Zenith Bio,Molecule_107,Dermatology,Eczema,"$4,334,000,000 ","$1,733,600,000 ","$953,480,000 ","$433,400,000 ","$65,010,000 ",,"$14,561,000,000 ","$5,678,790,000 ","$2,475,370,000 ","$1,456,100,000 ","$291,220,000 ",,"$9,634,000,000 ","$3,949,940,000 ","$1,734,120,000 ","$1,156,080,000 ","$144,510,000 ",,"$10,219,000,000 ","$4,598,550,000 ","$2,248,180,000 ","$1,021,900,000 ","$153,285,000 ",,"$7,508,000,000 ","$3,378,600,000 ","$1,651,760,000 ","$750,800,000 ","$112,620,000 ",,"$5,081,000,000 ","$2,032,400,000 ","$1,067,010,000 ","$609,720,000 ","$76,215,000 ",
Zenith Bio,Molecule_127,Oncology,Ovarian Cancer,"$4,334,000,000 ","$1,733,600,000 ","$953,480,000 ","$433,400,000 ","$65,010,000 ",,"$14,561,000,000 ","$5,678,790,000 ","$2,475,370,000 ","$1,456,100,000 ","$291,220,000 ",,"$9,634,000,000 ","$3,949,940,000 ","$1,734,120,000 ","$1,156,080,000 ","$144,510,000 ",,"$10,219,000,000 ","$4,598,550,000 ","$2,248,180,000 ","$1,021,900,000 ","$153,285,000 ",,"$7,508,000,000 ","$3,378,600,000 ","$1,651,760,000 ","$750,800,000 ","$112,620,000 ",,"$5,081,000,000 ","$2,032,400,000 ","$1,067,010,000 ","$609,720,000 ","$76,215,000 ",
